Info,Multi-mappings,Left-side churn,Right-side churn,Challenge level,Comments
https://github.com/Activiti/Activiti/commit/a70ca1d9ad2ea07b19c5e1f9540c809d7a12d3fb,TRUE,0.01102464332,0.00974025974,high,-
https://github.com/Activiti/Activiti/commit/ca7d0c3b33a0863bed04c77932b9ef6b1317f34e,FALSE,0.02985074627,0.01515151515,low,Move class refactoring perfored between files (
https://github.com/Alluxio/alluxio/commit/0ba343846f21649e29ffc600f30a7f3e463fb24c,FALSE,0.5394736842,0.5333333333,medium,Inter-file mappings including the move of the feilds BlockMeta to BlockMetaBase + the assignment inside the constructor
https://github.com/Alluxio/alluxio/commit/5b184ac783784c1ca4baf1437888c79bd9460763,FALSE,0.01639344262,0.1044776119,low,Method `freeSpace` has been inlined
https://github.com/Alluxio/alluxio/commit/9aeefcd8120bb3b89cdb437d8c32d2ed84b8a825,TRUE,0.2976190476,0.1917808219,medium,The extract method refactoring performed to remove the code duplication
https://github.com/Alluxio/alluxio/commit/b0938501f1014cf663e33b44ed5bb9b24d19a358,TRUE,0.195335277,0.09803921569,high,"File RemoteBlockOutStream.java: makes sense to match the mOpen and mClosed in the if statements based on the behavior of the code,  File BlockOutStreamIntegrationTest.java duplication has been removed due to the extract method refactoring"
https://github.com/AsyncHttpClient/async-http-client/commit/f01d8610b9ceebc1de59d42f569b8af3efbe0a0f,FALSE,0.204007286,0.08,low,-
https://github.com/Athou/commafeed/commit/18a7bd1fd1a83b3b8d1b245e32f78c0b4443b7a7,FALSE,0.05303030303,0.007936507937,medium,-
https://github.com/Atmosphere/atmosphere/commit/69c229b7611ff8c6a20ff2d4da917a68c1cde64a,FALSE,0.07344632768,0.03718199609,medium,Method `getInheritedPrivateFields` has been moved from `InjectableObjectFactory.java` to `Utils.java`
https://github.com/BroadleafCommerce/BroadleafCommerce/commit/4ef35268bb96bb78b2dc698fa68e7ce763cde32e,FALSE,0.008718395815,0.008718395815,medium,The assignment in the constructor has also been moved to support the move attribute refactoring
https://github.com/BroadleafCommerce/BroadleafCommerce/commit/9687048f76519fc89b4151cbe2841bbba61a401d,TRUE,0.0783817952,0.03571428571,medium,Method `getEntityForm` has been extracted and the import statement has been grouped
https://github.com/CellularPrivacy/Android-IMSI-Catcher-Detector/commit/e235f884f2e0bc258da77b9c80492ad33386fa86,FALSE,0.0734223301,0.06433823529,low,Extract method refactorings performed to enhance the code readbility
https://github.com/CyanogenMod/android_frameworks_base/commit/15fd4f9caea01e53725086e290d3b35ec4bd4cd9,FALSE,0.01141924959,0.003289473684,low,-
https://github.com/CyanogenMod/android_frameworks_base/commit/4587c32ab8a1c8e2169e4f93491a8c927216a6ab,FALSE,0.02935010482,0,low,Method `startAsync` has been extracted
https://github.com/CyanogenMod/android_frameworks_base/commit/658a918eebcbdeb4f920c2947ca8d0e79ad86d89,FALSE,0.003951825367,0.00245005654,low,Extract method refactoring `initTickerView` performed
https://github.com/CyanogenMod/android_frameworks_base/commit/76331570e68446c17e4ff5287f5b7b2b6b472895,FALSE,0.006940063091,0.0006349206349,low,-
https://github.com/CyanogenMod/android_frameworks_base/commit/96a2c3410f3c71d3ab20857036422f1d64c3a6d3,FALSE,0.007490636704,0.005361930295,low,Extract method refactoring `cleanupProximityLocked` performed
https://github.com/CyanogenMod/android_frameworks_base/commit/f166866cd68efa963534c5bc7fc9ca38e4aa2838,FALSE,0.006354249404,0.01002374044,low,"L2609 -> R2606 are invocation to different methods but same intention, thus it is better to match the statements."
https://github.com/CyanogenMod/android_frameworks_base/commit/f1b8ae1c44e6ba46118c2f66eae1725259acdccc,FALSE,0.01717557252,0.002582311168,medium,"The extraction of `stringToPattern` method, has caused the parameterization of the `byte size` variable and `getLockPatternSize()` which is the passed argument now serves as the parameter."
https://github.com/FasterXML/jackson-databind/commit/cfe88fe3fbcc6b02ca55cee7b1f4ab13e249edea,TRUE,0.03720930233,0.008778930567,medium,"The declaration and the assignment for the variable `ClassLoader loader` has been seperated, and the new intializer cannot be matched with any subtree from the parent version, Two extract method refactoring perfmored `classForName` which suggests the mapping for the className argument"
https://github.com/HdrHistogram/HdrHistogram/commit/0e65ac4da70c6ca5c67bb8418e67db914218042f,FALSE,0.05602240896,0.04261363636,medium,int `lineNumber` has now become a field and `getIntervalHistogram` method has been extracted
https://github.com/JetBrains/MPS/commit/61b5decd4a4e5e6bbdea99eb76f136ca10915b73,FALSE,0.1686746988,0.01428571429,low,Method startInsertMode has been extracted
https://github.com/JetBrains/MPS/commit/ce4b0e22659c16ae83d421f9621fd3e922750764,FALSE,0.01123595506,0.007252215955,low,"L70 -> R71 are actually calling the same method, thus its better to match the entire statements Generator.java "
https://github.com/JetBrains/intellij-community/commit/04397f41107bd6de41b31d45a4e8e2ed65628bbe,FALSE,0.02469135802,0.05389221557,medium,Inline Method refactoring with the different statement inside the for loop
https://github.com/JetBrains/intellij-community/commit/138911ce88b05039242b8d1b2bb5b7a59008f5ee,FALSE,0.002082369273,0.0004634994206,low,
https://github.com/JetBrains/intellij-community/commit/33b0ac3a029845f9c20f7f5967c03b31b24f3b4b,FALSE,0.00991114149,0.00889497092,medium,Method `iterateRecursively` has been moved from `FileBasedIndexImpl.java` to `FileBasedIndex.java`
https://github.com/JetBrains/intellij-community/commit/61215911ef28ca783c5106d7c01e74cf3000a866,FALSE,0.01545253863,0.004464285714,low,Extract method refactoring `format` performed
https://github.com/JetBrains/intellij-community/commit/619a6012da868d0d42d9628460f2264effe9bdba,TRUE,0.0137892995,0.01215469613,medium,-
https://github.com/JetBrains/intellij-community/commit/6905d569a1e39d0d7b1ec5ceee4f0bbe60b85947,FALSE,0.007117437722,0.007117437722,low,-
https://github.com/JetBrains/intellij-community/commit/6b90205e9f7bbd1570f600d3812fd3efa1a0597e,FALSE,0.006896551724,0.1504424779,medium,"Class `IDE` has been moved from `RunIdeConsoleAction.java` to `IDE.java`, Method `ensureIdeBound` has been moved to `IdeScriptBindings.java` and as a result the invocation to this method which is L187 can be matched with R183."
https://github.com/JetBrains/intellij-community/commit/7dd55014f9840ce03867bb175cf37a4c151dc806,FALSE,0.08733624454,0.007125890736,low,-
https://github.com/JetBrains/intellij-community/commit/7ed3f273ab0caf0337c22f0b721d51829bb0c877,FALSE,0.04976303318,0.0195599022,medium,.-
https://github.com/JetBrains/intellij-community/commit/8d7a26edd1fedb9505b4f2b4fe57b2d2958b4dd9,TRUE,0.006193693694,0.0117581187,high,-
https://github.com/JetBrains/intellij-community/commit/97811cf971f7ccf6a5fc5e90a491db2f58d49da1,TRUE,0.01293900185,0.1708074534,medium,Import statements have been grouped in Standalone.java and 2 methods and 1 class have been moved from `BuildMain.java` to `LogSetup.java`
https://github.com/JetBrains/intellij-community/commit/98ecc4cfd927f388645f6a6bc492c80868b1a11d,FALSE,0.06369426752,0.015625,low,Method `CreateResourceBundleDialogComponent.java` has been extracted
https://github.com/JetBrains/intellij-community/commit/9fbf6b852bd9766060307aff960fb597d55e24d3,TRUE,0.09933774834,0.08724832215,medium,"Method `clear` has been extracted, The declaration and the assignment for the variable `stripe` has been merged into single statement"
https://github.com/JetBrains/intellij-community/commit/a9379ee529ed87e28c0736c3c6657dcd6a0680e4,FALSE,0.05721649485,0.002182214948,medium,File FileUtil.java the change of return type for processDots method suggest the mapping of method invcations from L684 to R729 and L709 to R756
https://github.com/JetBrains/intellij-community/commit/a97341973c3b683d62d1422e5404ed5c7ccf45f8,TRUE,0.07514450867,0.01234567901,medium,The mutlimapping in FxmlReferencesContributor.java looks very necessary due to the extract method refactoring(2instances per each )
https://github.com/JetBrains/intellij-community/commit/af618666043f21b3db7e6a1be2aa225ae0f432b4,FALSE,0.004260499087,0.001221001221,low,Extract method refactoring performed `isNavigationBlocked`
https://github.com/JetBrains/intellij-community/commit/d71154ed21e2d5c65bb0ddb000bcb04ca5735048,FALSE,0.0158281515,0.01135718342,low,-
https://github.com/JetBrains/intellij-community/commit/e1625136ba12907696ef4c6e922ce073293f3a2c,TRUE,0.01692047377,0.01358234295,high,-
https://github.com/JetBrains/intellij-community/commit/e1f0dbc2f09541fc64ce88ee22d8f8f4648004fe,FALSE,0.03990610329,0.01682692308,low,"Method `resolveAndDownloadImpl(final Project project, final String coord, boolean attachJavaDoc, boolean attachSources, @Nullable final String copyTo, List<MavenRepositoryInfo> repositories) ` has been extracted"
https://github.com/JetBrains/intellij-plugins/commit/0df7cb00757fe0d4fac8d8b0d5fc46af95feb238,FALSE,0.07525586996,0.01030927835,low,-
https://github.com/JetBrains/intellij-plugins/commit/83b3092c1ee11b70489732f9e69b8e01c2a966f0,FALSE,0.01901840491,0.01051980198,medium,"File DartAnalysisServerService.java: L1202 -> R611, the if statements are serving different purposes, however identical condition can be matched."
https://github.com/JoanZapata/android-iconify/commit/eb500cca282e39d01a9882e1d0a83186da6d1a26,TRUE,0.03121748179,0.009574468085,high,"The existense of the duplicated statements in the finally block, suggests the multimappings."
https://github.com/MovingBlocks/Terasology/commit/8f63cc5c8edb8e740026447bc4827f8e8e6c34b1,FALSE,0.08940397351,0.03169014085,low,-
https://github.com/MovingBlocks/Terasology/commit/dbd2d5048ae5e30fec98ddd969b6c1e91183fb65,TRUE,0.0155210643,0.01986754967,medium,"Local variable `LocalPlayer localPlayer` has become the class attribute, due to the duplication in two different methods."
https://github.com/Netflix/eureka/commit/1cacbe2ad700275bc575234ff2b32ee0d6493817,FALSE,0.007183908046,0.003365384615,medium,"As a result of the extraction of `fireEvent` method, the local variable has become a parameter with type of the super class "
https://github.com/Netflix/eureka/commit/f6212a7e474f812f31ddbce6d4f7a7a0d498b751,FALSE,0.0157635468,0.004484304933,medium,Method `onRemoteStatusChanged` has been extracted and the arguments have been parameterized
https://github.com/SonarSource/sonarqube/commit/0d9fcaa4415ee996e423a97cfe0d965586ca59a5,TRUE,0.06763285024,0.01025641026,medium,"In the method `execute` one statement have been splited into two ( L71 -> R71,R74)"
https://github.com/SonarSource/sonarqube/commit/7668c875dfa7240b1ec08eb60b42107bae1b4cd3,FALSE,0.05454545455,0.01608325449,low,"File PersistComponentsStepTest.java: variable now hasnt been used in setup method in the parent version, but the getTime() invocation on this method can be matched due the addition of the R90 in thec child version."
https://github.com/SonarSource/sonarqube/commit/c55a8c3761e9aae9f375d312c14b1bbb9ee9c0fa,FALSE,0.05565862709,0.01642512077,low,-
https://github.com/VoltDB/voltdb/commit/c1359c843bd03a694f846c8140e24ed646bbb913,TRUE,0.3,0.2890625,high,-
https://github.com/VoltDB/voltdb/commit/c9b2006381301c99b66c50c4b31f329caac06137,FALSE,0.03904282116,0.0142118863,low,-
https://github.com/VoltDB/voltdb/commit/cfc54e8afa7ee7d5376525a84559e90b21487ccf,TRUE,0.2280887012,0.1307966706,high,-
https://github.com/VoltDB/voltdb/commit/d47e58f9bbce9a816378e8a7930c1de67a864c29,FALSE,0.02702702703,0.009174311927,low,-
https://github.com/WhisperSystems/Signal-Android/commit/f0b2cc559026871c1b4d8e008666afb590553004,FALSE,0.05376344086,0.009646302251,medium,"The extract method justifies the mapping for MarkReadReceiver.CLEAR_ACTION but not for the ""master_secret"" in NotificationState.java"
https://github.com/abarisain/dmix/commit/885771d57c97bd2dd48951e8aeaaa87ceb87532b,FALSE,0.2285714286,0.2894736842,medium,Method `processIntent` has been inlined and `MPD mpd` has been updated to `MPDStatus status`
https://github.com/apache/camel/commit/ab1d1dd78fe53edb50c4ede447e4ac5a55ee2ac9,FALSE,0.02628120894,0.005369127517,low,-
https://github.com/apache/camel/commit/cb0935e3af05b333b5c85a4fb3b1846836218f11,FALSE,0.03787878788,0.01550387597,low,Method `storeCamelContextInQuartzContext` has been extracted
https://github.com/apache/cassandra/commit/1a2c1bcdc7267abec9b19d77726aedbb045d79a8,FALSE,0.70625,0.09615384615,high,-
https://github.com/apache/cassandra/commit/2b0a8f6bdac621badabcb9921c077260f2470c26,FALSE,0.01834862385,0.009259259259,medium,Method deleteRowAt has been extracted in RowUpdateBuilder.java 
https://github.com/apache/cassandra/commit/4fcd7d4d366d001cf5f1f7d926c608c902e3f0af,FALSE,0,0.4102564103,medium,Method `testConcurrency` and static class `ScoreUpdater` have been moved to the newly added file `DynamicEndpointSnitchLongTest.java`
https://github.com/apache/commons-lang/commit/d9a2c69a9d1db6072e1d7b7ea4fcbd5c15d20b5d,TRUE,0.008544652701,0.003877042371,high,"In DateUtilsTest.java, test methods are spllited"
https://github.com/apache/drill/commit/711992f22ae6d6dfc43bdb4c01bf8f921d175b38,FALSE,0.1169916435,0.06213017751,medium,#NA
https://github.com/apache/giraph/commit/add1d4f07c925b8a9044cb3aa5bb4abdeaf49fc7,FALSE,0.05766312595,0.01428571429,low,-
https://github.com/apache/hive/commit/240097b78b70172e1cf9bc37876a566ddfb9e115,FALSE,0.007083825266,0.007083825266,medium,Inter-file mapping
https://github.com/apache/hive/commit/4ccc0c37aabbd90ecaa36fcc491e2270e7e9bea6,FALSE,0.08802816901,0.02631578947,medium,Two seperate Extract method refactoring perfmored
https://github.com/apache/hive/commit/5f78f9ef1e6c798849d34cc66721e6c1d9709b6f,FALSE,0.03485086342,0.001299545159,low,-
https://github.com/apache/hive/commit/999e0e3616525d77cf46c5865f9981b5a6b5609a,FALSE,0.01001001001,0.01132955681,medium,-
https://github.com/apache/hive/commit/f664789737d516ac664462732664121acc111a1e,FALSE,0.04258943782,0.01576182137,medium,`this` has been passed to the extracted method as argument and justifies the mapping 
https://github.com/apache/pig/commit/7a1659c12d76b510809dea1dea1f5100bcf4cd60,TRUE,0.02579666161,0.01834862385,medium,-
https://github.com/apache/pig/commit/92dce401344a28ff966ad4cf3dd969a676852315,FALSE,0.02871148459,0.0128113879,high,"File Utils.java: Method Path depthFirstSearchForFile(final FileStatus[] statusArray, final FileSystem fileSystem) still exists, but the logic has been moved to the other method with the same and the signature has been changed. "
https://github.com/apereo/cas/commit/7fb0d1ce3b6583013e81ac05eb9afb15d20eab7f,FALSE,0.04564315353,0.02127659574,medium,Attribute `NTLMSSP_SIGNATURE` has been moved from `SpnegoConstants.java` to  `SpnegoCredential.java`
https://github.com/assertj/assertj/commit/b36ab386559d04db114db8edd87c8d4cbf850c12,FALSE,0.1040189125,0.6759298846,medium,Plenty of inter-file mappings
https://github.com/belaban/JGroups/commit/f1533756133dec84ce8218202585ac85904da7c9,FALSE,0.1868852459,0.1388888889,high,"File FixedMembershipToken.java: Although match method can be a extract method candidate, the only possible mapping inside that method, might be the .equals() invocation but it will cause the diff to be more misleading. if statement L75 is the best candidate to be matched with R78. since the outer if is newly added. Based on the extracted method body, if statement L78 cannot be matched again with R78, because the extracted method deals with the port and withoutport seems to be removed."
https://github.com/bitcoinj/bitcoinj/commit/95bfa40630e34f6f369e0055d9f37f49bca60247,FALSE,0.008875739645,0.001192605844,medium,Method getUTXOs has been extracted and `true` passed as the argument
https://github.com/brettwooldridge/HikariCP/commit/cd8c4d578a609bdd6395d3a8c49bfd19ed700dea,FALSE,0.4698795181,0,medium,Two files were removed and the classes has become inner classes in the ClockSource.java
https://github.com/brettwooldridge/HikariCP/commit/e19c6874431dc2c3046436c2ac249a0ab2ef3457,FALSE,0.05486284289,0.03069053708,low,Extract variable refactoring justifies the mapping for the variable `statement`
https://github.com/brianfrankcooper/YCSB/commit/0b024834549c53512ef18bce89f60ef9225d4819,TRUE,0.02076777848,0.02810743285,low,Method invocations proofs the correctness of the multimapping in Client.java
https://github.com/bumptech/glide/commit/0d4b27952751de0caab01774048c3e0ec74824ce,FALSE,0.06807511737,0.03170731707,low,-
https://github.com/checkstyle/checkstyle/commit/5a9b7249e3d092a78ac8e7d48aeeb62bf1c44e20,TRUE,0.213592233,0.1518324607,high,-
https://github.com/checkstyle/checkstyle/commit/c9c475a6c7a8cb728ba1c091b386db46f11a781f,FALSE,0.03188405797,0.02339181287,medium,-
https://github.com/crashub/crash/commit/2801269c7e47bd6e243612654a74cee809d20959,FALSE,0.1573033708,0.02597402597,medium,keypair has been passed to the extracted method as parameter 
https://github.com/datastax/java-driver/commit/3a0603f8f778be3219a5a0f3a7845cda65f1e172,FALSE,0.1,0.04761904762,low,Extract method refactoring `values` justifies the mappings
https://github.com/deeplearning4j/deeplearning4j/commit/3325f5ccd23f8016fa28a24f878b54f1918546ed,FALSE,0.1086956522,0.05202312139,low,Method `loadGoogleModel` has been extracted
https://github.com/deeplearning4j/deeplearning4j/commit/3d080545362794ac5ab63a6cf1bdfb523a0d92a5,FALSE,0.3235294118,0.1320754717,low,"File `CaffeModelToJavaClass.java` : method `NetParameter readCaffeModel(InputStream is, int sizeLimitMb)` has been extracted"
https://github.com/deeplearning4j/deeplearning4j/commit/c50064efb325b0c94cc62788b4c8935b7c39ac40,FALSE,0.1184971098,0.03174603175,low,Method `getOptimizer` has been extracted
https://github.com/deeplearning4j/deeplearning4j/commit/d4992887291cc0a7eeda87ad547fa9e1e7fda41c,FALSE,0.009587727709,0.002895752896,low,"Method `output(INDArray x,boolean test)` has been extracted "
https://github.com/dreamhead/moco/commit/55ffa2f3353c5dc77fe6b790e5e045b76a07a772,TRUE,0.1117318436,0.1016949153,medium,Methods `redirectTo` and `onRequestAttached` have been moved from `ActualHttpServer.java` to `HttpConfiguration.java` and the import statement have been grouped in `ActualHttpServer.java`
https://github.com/dropwizard/metrics/commit/4c6ab3d77cc67c7a91155d884077520dcf1509c6,FALSE,0.04360902256,0.009345794393,low,Method `closeGraphiteConnection` has been extracted
https://github.com/eclipse/jetty.project/commit/837d1a74bb7d694220644a2539c4440ce55462cf,FALSE,0.04122137405,0.002118644068,medium,"File ProxyServletTest.java:  As a result of extraction of Method `testTransparentProxyWithQuery`, the local variables prefix and target has been parameterized"
https://github.com/fabric8io/fabric8/commit/8127b21a220ca677c4e59961d019e7753da7ea6e,FALSE,0.01073619632,0.003861003861,medium,"In the builder chain `.withReadinessProbe(getReadinessProbe()` has been removed. The string concatenation in the extracted method prevents ASTDiff tools to be more fine grained
https://github.com/fabric8io/fabric8/commit/9e61a71540da58c3208fd2c7737f793c3f81e5ae,TRUE,0.3614775726,0.1655172414,medium,The multimapping is justified due to the extract method and the extract variable on top of it
https://github.com/fabric8io/fabric8/commit/e068eb7f484f24dee285d29b8a910d9019592020,TRUE,0.04397163121,0.01173020528,medium,"HTTPGetAction httpGetAction is newly added and its better not to match it, instead the one inside the extracted method is better candidate."
https://github.com/facebook/buck/commit/6c93f15f502f39dff99ecb01b56dcad7dddb0f0d,FALSE,0.03488372093,0.01658767773,low,-
https://github.com/facebook/buck/commit/7e104c3ed4b80ec8e9b72356396f879d1067cc40,TRUE,0.1691678035,0.1287553648,high,"Heavy refactorings to eliminate duplication, all the mappings are justified by the refactoring occured on this reveision."
https://github.com/facebook/buck/commit/84b7b3974ae8171a4de2f804eb94fcd1d6cd6647,FALSE,0.007142857143,0.007142857143,low,File `ReportGenerator.java` has been moved to a different package
https://github.com/facebook/buck/commit/a1525ac9a0bb8f727167a8be94c81a3415128ef4,FALSE,0.1797235023,0.02197802198,medium,Method `getAllPathsWork` has been extracted and the passed argument which is workingDir.get() can be perfectly matched with the existing one in the orginal method before extraction. 
https://github.com/facebook/buck/commit/ecd0ad5ab99b8d14f28881cf4f49ec01f2221776,TRUE,0.1106259098,0.08258258258,high,-
https://github.com/facebook/buck/commit/f26d234e8d3458f34454583c22e3bd5f4b2a5da8,FALSE,0.02346368715,0.02127659574,medium,-
https://github.com/geoserver/geoserver/commit/07c26a3a1dd6fcc2494c2d755ee5a2753e0df87c,FALSE,0.01293103448,0.008658008658,low,File `PropertyRule.java` has been moved to a different package 
https://github.com/glyptodon/guacamole-client/commit/ce1f3d07976de31aed8f8189ec5e1a6453f4b580,FALSE,0.2348837209,0.2166666667,high,-
https://github.com/glyptodon/guacamole-client/commit/ebb483320d971ff4d9e947309668f5da1fcd3d23,FALSE,0.2348837209,0.2166666667,medium,There is a move logic from UserContextService.java to UserService.java. However we dont consider the move import statements into account
https://github.com/go-lang-plugin-org/go-lang-idea-plugin/commit/0b93231025f51c7ec62fd8588985c5dc807854e4,FALSE,0.06976744186,0.0243902439,low,-
https://github.com/google/auto/commit/8fc60d81fe0e46e7e5c96e71d4a93fcadc6bde4f,FALSE,0.2455621302,0.1800643087,medium,Variable `deferredElementsBuilder` has been renamed to `deferredElements` within the extract method refactoring
https://github.com/google/closure-compiler/commit/5a853a60f93e09c446d458673bc7a2f6bb26742c,FALSE,0.6397748593,0.01030927835,medium,Inter-file mappings from `TypeDeclarationsIRFactoryTest.java` to `JsdocToEs6TypedConverterTest.java`
https://github.com/google/guava/commit/5bab9e837cf273250aa26702204f139fdcfd9e7a,TRUE,0.1955366631,0.05137844612,high,"File HashBiMap.java: Method checkForConcurrentModification has been inlined three times and introduced duplciation, Method put with 3 arugments, has sepearted the logic into if-else thus multimapping is correct. L348 & L349 corresponds to the R400.  L292 is the best candidate to be matched with the first expression of for statement in R349"
https://github.com/google/truth/commit/1768840bf1e69892fd2a23776817f620edfed536,FALSE,0.2294182217,0.1180904523,medium,"Although this can be considered as an InlineMethod Refactoring, the current diff is much more informative. Thus we accept not to show the inline refactoring to improve the understandabilty."
https://github.com/google/truth/commit/200f1577d238a6d3fbcf99cb2a2585b2071214a6,FALSE,0.06116642959,0.02798232695,medium,-
https://github.com/gradle/gradle/commit/3a7ccf5a252077332b9505acb22f190745f726f7,TRUE,0.02903225806,0.03370786517,high,"Method registerOrFindDeploymentHandle has been moved to another file but at the same time inline method refactoring happened. This justifies the multimapping for the deploymentRegistry.get(PlayApplicationDeploymentHandle.class, deploymentId);"
https://github.com/gradle/gradle/commit/681dc6346ce3cf5be5c5985faad120a18949cee0,FALSE,0.04868913858,0,low,Method `createPlatformToolProvider` has been extracted
https://github.com/gradle/gradle/commit/b1fb1192daa1647b0bd525600dd41063765eca70,TRUE,0.1920289855,0.1356589147,high,"This is a case of PushDown Method Refactoring in which all the methods from DefaultGradleRunner.java has been moved to the super class GradleRunner.java and as a result we have multimapping in the GradeRunner.java, the first map is the one with the existing one in the other version of the file, and the other one happened due to the push down method refactoring"
https://github.com/gradle/gradle/commit/f394599bf1423be0be2d5822ed7f1271d2841225,FALSE,0.02127659574,0.04166666667,low,File JarBinaryRules.java has been moved to different package
https://github.com/greenrobot/greenDAO/commit/d6d9dd4365387816fda6987a4ad9b679c27e72a3,FALSE,0.04081632653,0.04081632653,low,"File PropertyConverter.java has been moved to another package and as a result, the import statement on the other file has been updated accordingly"
https://github.com/gwtproject/gwt/commit/e0dda9f61b7c409944c4734edf75b108e0288f59,FALSE,0.8084632517,0.04444444444,medium,Move class refactoring perfored between files (
https://github.com/hibernate/hibernate-orm/commit/0b6ea757e34a63b1421b77ed5fbb61398377aab1,FALSE,0.006097560976,0.2238095238,medium,Method `testJpaFlushEntityEventListener` has been moved from `CallbacksTest.java` to `TestLazyPropertyOnPreUpdateExecutable.java` and File `EntityWithLazyProperty.java` has been moved to different package
https://github.com/hibernate/hibernate-orm/commit/2b89553db5081fe4e55b7b34d636d0ea2acf71c5,TRUE,0.06052631579,0.05305039788,medium,Multimapping is justified due to the extract method refactoring to eliminate the duplciation.
https://github.com/hierynomus/sshj/commit/7c26ac669a4e17ca1d2319a5049a56424fd33104,FALSE,0.125,0.1025641026,low,File ChannelCloseEofTest.java has been moved to different package
https://github.com/iNPUTmice/Conversations/commit/e6cb12dfe414497b4317820497985c110cb81864,TRUE,0.04306220096,0.01639344262,high,Method `getItemViewType(Message)` has been extracted and the passed argument now serves as the parameter which suggests the multimapping
https://github.com/infinispan/infinispan/commit/03573a655bcbb77f7a76d8e22d851cc22796b4f8,FALSE,0.02106649111,0.003351206434,low,-
https://github.com/jOOQ/jOOQ/commit/227254cf769f3e821ed1b2ef2d88c4ec6b20adea,FALSE,0.0256557534,0.002938871473,low,-
https://github.com/jOOQ/jOOQ/commit/58a4e74d28073e7c6f15d1f225ac1c2fd9aa4357,TRUE,0.0467800729,0.02848297214,high,-
https://github.com/jayway/rest-assured/commit/7cac88b9a28efc05bdc60e585e3291862ffc9da1,FALSE,0.02057613169,0.01923076923,medium,Two test methods moved from `SpecificationBuilderITest.java` to `SSLITest.java`
https://github.com/jboss-developer/jboss-eap-quickstarts/commit/983e0e0e22ab5bd2c6ea44235518057ea45dcca9,FALSE,0.02298850575,0.02298850575,low,Move package refactorings perfmored on two different files
https://github.com/jline/jline2/commit/80d3ffb5aafa90992385c17e8338c2cc5def3cec,FALSE,0.007242757243,0.0002515090543,low,Two Extract method refactorings performed
https://github.com/junit-team/junit5/commit/6b575f2ee5f02288a774ff0a85ce3a3e3cb6946f,FALSE,0.09170305677,0.2408759124,high,-
https://github.com/k9mail/k-9/commit/9d44f0e06232661259681d64002dd53c7c43099d,TRUE,0.009560524287,0.005419634562,high,File MessagingController.java: the multimappings can be justified by the extract method refactoring and the method invocations in order to eliminate the code duplication
https://github.com/kiegroup/drools/commit/7ffc62aa554f5884064b81ee80078e35e3833006,FALSE,0.07325102881,0.01659388646,low,-
https://github.com/kiegroup/jbpm/commit/83cfa21578e63956bca0715eefee2860c3b6d39a,FALSE,0.0664556962,0.02425578831,medium,Due to the string concatentation it is not possible to match more subtrees
https://github.com/koush/AndroidAsync/commit/1bc7905b07821f840068089343e6b77a8686d1ab,FALSE,0.02257761054,0.01329534663,low,-
https://github.com/kuujo/copycat/commit/19a49f8f36b2f6d82534dc13504d672e41a3a8d1,TRUE,0.3168168168,0.3157894737,medium,Method append in PassiveState.java: Mapping the AppendResponse doesnt look harmful and it helps to understand the change precisely
https://github.com/languagetool-org/languagetool/commit/01cddc5afb590b4d36cb784637a8ea8aa31d3561,FALSE,0.4206500956,0.413926499,medium,5 seperate Extract Method refactorings perfmored
https://github.com/lealone/Lealone/commit/7a2e0ae5f6172cbe34f9bc4a5cde666314ff75dd,TRUE,0.1145374449,0.1222707424,high,-
https://github.com/libgdx/libgdx/commit/2bd1557bc293cb8c2348374771aad832befbe26f,FALSE,0.03216374269,0.04335260116,medium,"File checkbox.java Inlined method (setCheckBoxRight) is called with ""false"" as argument, thus the else branch must be selected for the mappings, Also the additional getLabel() invocation is removed due to the extract variable refactoring in the CheckBox constructor"
https://github.com/liferay/liferay-plugins/commit/720b0d2064ecc4403809e794075e9fe8cfa857f1,FALSE,0.0148,0.0008113590264,low,-
https://github.com/liferay/liferay-plugins/commit/7c7ecf4cffda166938efd0ae34830e2979c25c73,TRUE,0.1280487805,0.07142857143,medium,-
https://github.com/liferay/liferay-plugins/commit/d99695841fa675ea9150602b1132f037093e867d,TRUE,0.3255813953,0.09375,high,"Within the extraction of `getGetOAuthRequest` method, the passed arguments now serve as the method parameter which suggests the mulimapping for the first arguments due to mutliple occurances and the single mapping for the second argument"
https://github.com/liferay/liferay-portal/commit/59fd9e696cec5f2ed44c27422bbc426b11647321,FALSE,0.03555555556,0.00762195122,low,-
https://github.com/linkedin/rest.li/commit/bd0d3bf75d31a8b5db34b8b66dfb28e5e1f492de,FALSE,0.1160784314,0.05453020134,low,-
https://github.com/mockito/mockito/commit/2d036ecf1d7170b4ec7346579a1ef8904109530a,TRUE,0.2835820896,0.1232876712,medium,-
https://github.com/netty/netty/commit/303cb535239a6f07cbe24a033ef965e2f55758eb,FALSE,0.001284521516,0.003843689942,medium,"There is only one inline method refactoring for this file. R1449 is not an inline method refactoring due to the invocation to `getSubjectX500Principal()` at the end of chain which is different than the original one `getIssuerX500Principal()`, Also the passed argument `local` is now part of the inlined statement"
https://github.com/netty/netty/commit/9d347ffb91f34933edb7b1124f6b70c3fc52e220,TRUE,0.06057494867,0.03481012658,medium,The declarion of the variable result in several methods in HttpObjectDecoder.java has been merged with the assignment inside the for loop
https://github.com/nutzam/nutz/commit/6599c748ef35d38085703cf3bd41b9b5b6af5f32,TRUE,0.1548042705,0.008350730689,high,"File Cnd.java If condition splited into two if conditions, thus the multimapping is selected for the if and the continue statements"
https://github.com/nutzam/nutz/commit/de7efe40dad0f4bb900c4fffa80ed377745532b3,FALSE,0.4639905549,0.3203592814,medium,In the method `migration` due to the string concatenation to build the sql query there is no possible matches for the L576-579.
https://github.com/openhab/openhab1-addons/commit/cf1efb6d27a4037cdbe5a780afa6053859a60d4a,FALSE,0.3955823293,0.1147058824,medium,"File Script.java:  Due to the diff continuity criteria, initializeGeneralGlobals contain the statement inside the extract method"
https://github.com/openhab/openhab1-addons/commit/f25fa3ae35e4a60a2b7f79a88f14d46ce6cebf55,FALSE,0.1459459459,0.1270718232,medium,-
https://github.com/opentripplanner/OpenTripPlanner/commit/334dbc7cf3432e7c17b0ed98801e61b0b591b408,FALSE,0.026,0.05620155039,medium,Method `WorkerIdDefiner` has been moved to the newly introduced file WorkerIdDefiner.java
https://github.com/orientechnologies/orientdb/commit/1089957b645bde069d3864563bbf1f7c7da8045c,FALSE,0.003984063745,0.001331557923,low,Method `rewriteLinksInDocument` has been extracted and `exportImportHashTable` has been as the argument
https://github.com/osmandapp/Osmand/commit/c45b9e6615181b7d8f4d7b5b1cc141169081c02c,TRUE,0.1279527559,0.1157684631,high,-
https://github.com/phishman3579/java-algorithms-implementation/commit/4ffcb5a65e6d24c58ef75a5cd7692e875619548d,TRUE,0.02215594376,0.01544401544,medium,"Java delveopers tend to call the gc three times to make sure that the code works fine, thus all the existings System.gc in the parent revision, must be mapped with the first identical statement in the extracted method in SortsTiming.java"
https://github.com/phishman3579/java-algorithms-implementation/commit/f2385a56e6aa040ea4ff18a23ce5b63a4eeacf29,TRUE,0.08590604027,0.06712328767,medium,"Developers tend to call the garbageCollector 3 times to ensure the proper exection of gc, Thus the extracted method which contain 3 invocations, has two additonal call to the GC, and the first statement must be mapped with the parent version."
https://github.com/pockethub/PocketHub/commit/a7401e5091c06c68fae499ea1972b40143c66fa9,FALSE,0.07984790875,0.1597222222,medium,-
https://github.com/processing/processing/commit/8707194f003444a9fb8e00bffa2893ef0c2492c6,FALSE,0.04826862539,0.03715498938,medium,The vriables `w` and `h` have been inlined within the InlineMethod refactoring performed on `setFrameCentered` method
https://github.com/processing/processing/commit/acf67c8cb58d13827e14bbeeec11a66f9277015f,FALSE,0.0009382749145,0.0009382749145,low,Method `runSketchEDT` has been inlined
https://github.com/processing/processing/commit/d7f781da42e54824c17875a6036d3448672637f5,FALSE,0.001742160279,0.001858088491,medium,Inter-file mappings from `PConstants.java` to `PGraphics.java`
https://github.com/processing/processing/commit/f36b736cf1206dd1af794d6fb4cee967a3553b1f,FALSE,0.00742741391,0.005749070003,low,Method createDepthAndStencilBuffer has been extracted
https://github.com/raphw/byte-buddy/commit/f1dfb66a368760e77094ac1e3860b332cf0e4eb5,TRUE,0.01567398119,0.05988023952,medium,PullUp Method refactorings justifies the multimapping
https://github.com/raphw/byte-buddy/commit/fd000ca2e78fce2f8aa11e6a81e4f23c2f1348e6,FALSE,0.1221374046,0.008620689655,low,Method invokeMethod has been extracted
https://github.com/ratpack/ratpack/commit/da6167af3bdbf7663af6c20fb603aba27dd5e174,FALSE,0.05490196078,0.02822580645,medium,"Method `post(HttpResponseStatus responseStatus, ChannelFuture lastContentFuture)` has been extracted and the local variable has been parameterized due to this extraction"
https://github.com/real-logic/Aeron/commit/35893c115ba23bd62a7036a33390420f074ce660,TRUE,0.1093117409,0.1439688716,high,-
https://github.com/redsolution/xabber-android/commit/faaf826e901f43d1b46105b18e655eb120f3ffef,FALSE,0.01277955272,0.006430868167,low,-
https://github.com/restlet/restlet-framework-java/commit/7ffe37983e2f09637b0c84d526a2f824de652de4,FALSE,0.09984152139,0.01899827288,medium,The statements inside the fillRepresentations for loop has been extracted to newly introduced method
https://github.com/robovm/robovm/commit/7837d0baf1aef45340eec699516a8c3a22aeb553,TRUE,0.02247191011,0.01745379877,medium,Method `signFrameworks` has been extracted and argument `True` has been passed as the getTaskAllow parameter which justifies the multimapping
https://github.com/rstudio/rstudio/commit/4983f83d1bedb7b737fc56d409c1c06b04e34e4e,FALSE,0.05555555556,0.03359173127,high,File ChunkOptionsPopupPanel.java: L131 -> R180 cannot be mapped due to the different behavior and the exection of the newly introduced method verticalSpacer
https://github.com/rstudio/rstudio/commit/cb49e436b9d7ee55f2531ebc2ef1863f5c9ba9fe,FALSE,0.06422018349,0.01923076923,low,Method `setMaxHeight` has been extracted and `getMaxHeight()` has been passed as the argument
https://github.com/selendroid/selendroid/commit/e4a309c160285708f917ea23238573da3b677f7f,FALSE,0.006622516556,0.001663893511,low,Extract method refactoring performed `toByteArray`
https://github.com/spotify/helios/commit/3ffd70929c08be5cf14f156189e8050969caa87e,FALSE,0.02216748768,0.009975062344,low,Method `isRolloutTimedOut` has been extracted
https://github.com/spotify/helios/commit/da39bfeb9c370abe2d86e6e327fade252434090d,FALSE,0.1475409836,0.1578947368,medium,"File DeploymentGroupWatchCommand.java: method run the type of the second argument has been changed and as a result the name has been renamed, thus the parameter can be mapped. final integer interval has been localized (initializer is the hint),  L85-98 doesnt have a good candidate to get mapped"
https://github.com/spring-projects/spring-boot/commit/1cfc6f64f64353bc5530a8ce8cdacfc3eba3e7b2,FALSE,0.1472868217,0.04624277457,medium,"File EntityScanRegistrar.java: Newly introduced toArray method is different than toArray method which is internally implemented in ArrayList, thus having mapping inside this new method doesnt make sense."
https://github.com/spring-projects/spring-boot/commit/20d39f7af2165c67d5221f556f58820c992d2cc6,TRUE,0.1078838174,0.1078838174,medium,-
https://github.com/spring-projects/spring-boot/commit/cb98ee25ff52bf97faebe3f45cdef0ced9b4416e,TRUE,0.08785046729,0.1973684211,high,File WebMvcAutoConfigurationTests.java: Removed the duplication of code by extracting the logic into `load` method
https://github.com/spring-projects/spring-data-mongodb/commit/3224fa8ce7e0079d6ad507e17534cdf01f758876,FALSE,0.04983164983,0.003531073446,medium,After the inline method refactoring on `processTypeHintForNestedDocuments` the parameter of the method has become a local variable
https://github.com/spring-projects/spring-framework/commit/dd4bc630c3de70204081ab196945d6b55ab03beb,FALSE,0.1666666667,0.1447368421,medium,Inter-file mappings from `AsyncExecutionInterceptor.java` to `AsyncExecutionAspectSupport.java` (two methods and one field)
https://github.com/spring-projects/spring-hateoas/commit/8bdc57ba8975d851fe91edc908761aacea624766,TRUE,0.2345679012,0.243902439,high,-
https://github.com/spring-projects/spring-integration/commit/247232bdde24b81814a82100743f77d881aaf06b,TRUE,0.1265700483,0.04540654699,medium,-
https://github.com/spring-projects/spring-security/commit/fcc9a34356817d93c24b5ccf3107ec234a28b136,FALSE,0.21875,0.7844827586,medium,-
https://github.com/square/javapoet/commit/5a37c2aa596377cb4c9b6f916614407fd0a7d3db,FALSE,0.1043956044,0.5329512894,low,-
https://github.com/structr/structr/commit/6c59050b8b03adf6d8043f3fb7add0496f447edf,FALSE,0.06470588235,0.0245398773,low,Extract method refactoring `getSchemaProperties`
https://github.com/wicketstuff/core/commit/8ea46f48063c38473c12ca7c114106ca910b6e74,FALSE,0.188172043,0.2335025381,low,-
https://github.com/wildfly/wildfly/commit/37d842bfed9779e662321a5ee43c36b058386843,FALSE,0.08467741935,0.2433333333,low,-
https://github.com/wildfly/wildfly/commit/d7675fb0b19d3d22978e79954f441eeefd74a3b2,FALSE,0.3150684932,0.2537313433,low,Two extract method refactorings performed
https://github.com/wordpress-mobile/WordPress-Android/commit/2252ed3754bff8c39db48d172ac76ac5a4e15359,FALSE,0.01298701299,0.05524861878,medium,Method animateHeaderDelayed has been removed enitrely and shouldShowTagToolbar has been inlined
https://github.com/wordpress-mobile/WordPress-Android/commit/3b95d10985776fb7b710089ff71074fd2bf860ee,FALSE,0.1352459016,0.04090909091,medium,"Extract Method refactoring `getBlogsForCurrentView`, filteredSitesByTextIfInSearchMode is a new method in which the new logic introduced"
https://github.com/wordpress-mobile/WordPress-Android/commit/f8d5cf01f123a1d0a65857aa2db0571fe9cd1911,TRUE,0.0373280943,0.01606425703,medium,"After the extraction of `getIconImageURL` method, iconUrl which is the method parameter serves as the passed argument and this justifies the multimappings."
https://github.com/xetorthio/jedis/commit/d4b4aecbc69bbd04ba87c4e32a52cff3d129906a,TRUE,0.1483870968,0.02222222222,medium,Method `poolInactive` has been extracted to eliminate the code duplication
https://github.com/zeromq/jeromq/commit/02d3fa171d02c9d82c7bdcaeb739f47d0c0006a0,FALSE,0.02579769179,0.01306740028,low,-