https://github.com/Activiti/Activiti/commit/a70ca1d9ad2ea07b19c5e1f9540c809d7a12d3fb,modules.activiti-engine.src.main.java.org.activiti.engine.impl.db.DbSqlSession,0,144,0,0,0,0,146,2,0,0,0,0,0,0,145,1,1,1,0,0,0,0,145,1,1,1,0,0,0,0,146,2,0,0,0,0,0,0,145,1,1,1,0,0,0,0,145,1,1,1
https://github.com/Activiti/Activiti/commit/ca7d0c3b33a0863bed04c77932b9ef6b1317f34e,modules.activiti-engine.src.main.java.org.activiti.engine.impl.persistence.entity.UserEntityTest,0,12,0,0,0,0,12,0,0,0,0,0,0,0,12,0,0,0,0,0,0,0,12,0,0,0,0,0,0,0,12,0,0,0,0,0,0,0,12,0,0,0,0,0,0,0,12,0,0,0
https://github.com/Alluxio/alluxio/commit/0ba343846f21649e29ffc600f30a7f3e463fb24c,servers.src.main.java.tachyon.worker.block.meta.BlockMeta,0,0,0,0,0,0,10,10,0,0,0,0,0,0,3,3,0,7,0,0,0,0,3,3,0,7,0,0,0,0,2,2,1,8,0,0,0,0,3,3,1,7,0,0,0,0,3,3,0,7
https://github.com/Alluxio/alluxio/commit/0ba343846f21649e29ffc600f30a7f3e463fb24c,servers.src.main.java.tachyon.worker.block.meta.TempBlockMeta,0,0,0,0,0,0,2,2,0,0,0,0,0,0,1,1,0,1,0,0,0,0,0,0,0,2,0,0,0,0,1,1,0,1,0,0,0,0,1,1,0,1,0,0,0,0,1,1,0,1
https://github.com/Alluxio/alluxio/commit/5b184ac783784c1ca4baf1437888c79bd9460763,servers.src.main.java.tachyon.worker.block.evictor.LRUEvictor,0,13,0,0,0,0,16,3,0,0,0,0,0,0,15,2,1,1,0,0,0,0,15,2,1,1,0,0,0,0,16,3,0,0,0,0,0,0,15,2,1,1,0,0,0,0,15,2,1,1
https://github.com/Alluxio/alluxio/commit/9aeefcd8120bb3b89cdb437d8c32d2ed84b8a825,servers.src.main.java.tachyon.worker.block.allocator.MaxFreeAllocator,0,2,0,0,0,0,4,2,0,0,0,0,0,0,4,2,0,0,0,0,0,0,4,2,0,0,0,0,0,0,4,2,0,0,0,0,0,0,3,1,1,1,0,0,0,0,4,2,0,0
https://github.com/Alluxio/alluxio/commit/b0938501f1014cf663e33b44ed5bb9b24d19a358,clients.unshaded.src.main.java.tachyon.client.RemoteBlockOutStream,0,12,0,0,0,0,23,11,0,0,0,0,0,0,23,11,0,0,0,0,0,0,21,9,0,2,0,0,0,0,23,11,0,0,0,0,0,0,23,11,0,0,0,0,0,0,23,11,0,0
https://github.com/Alluxio/alluxio/commit/b0938501f1014cf663e33b44ed5bb9b24d19a358,integration-tests.src.test.java.tachyon.client.BlockOutStreamIntegrationTest,0,3,0,0,0,0,6,3,0,0,0,0,0,0,4,1,1,2,0,0,0,0,4,1,1,2,0,0,0,0,6,3,0,0,0,0,0,0,5,2,1,1,0,0,0,0,4,1,1,2
https://github.com/AsyncHttpClient/async-http-client/commit/f01d8610b9ceebc1de59d42f569b8af3efbe0a0f,api.src.main.java.org.asynchttpclient.oauth.OAuthSignatureCalculator,0,32,0,0,0,0,38,6,0,0,0,0,0,0,37,5,1,1,0,0,0,0,37,5,1,1,0,0,0,0,38,6,0,0,0,0,0,0,38,6,0,0,0,0,0,0,37,5,1,1
https://github.com/AsyncHttpClient/async-http-client/commit/f01d8610b9ceebc1de59d42f569b8af3efbe0a0f,api.src.test.java.org.asynchttpclient.oauth.OAuthSignatureCalculatorTest,0,15,0,0,0,0,16,1,0,0,0,0,0,0,16,1,0,0,0,0,0,0,16,1,0,0,0,0,0,0,16,1,0,0,0,0,0,0,16,1,0,0,0,0,0,0,16,1,0,0
https://github.com/Athou/commafeed/commit/18a7bd1fd1a83b3b8d1b245e32f78c0b4443b7a7,src.main.java.com.commafeed.backend.favicon.DefaultFaviconFetcher,0,3,0,0,0,0,5,2,0,0,0,0,0,0,4,1,1,1,0,0,0,0,4,1,1,1,0,0,0,0,5,2,0,0,0,0,0,0,4,1,1,1,0,0,0,0,4,1,1,1
https://github.com/Atmosphere/atmosphere/commit/69c229b7611ff8c6a20ff2d4da917a68c1cde64a,modules.cpr.src.main.java.org.atmosphere.inject.InjectableObjectFactory,0,16,0,0,0,0,19,3,0,0,0,0,0,0,18,2,0,1,0,0,0,0,18,2,0,1,0,0,0,0,18,2,0,1,0,0,0,0,18,2,0,1,0,0,0,0,18,2,0,1
https://github.com/Atmosphere/atmosphere/commit/69c229b7611ff8c6a20ff2d4da917a68c1cde64a,modules.cpr.src.main.java.org.atmosphere.util.Utils,0,18,0,0,0,0,20,2,0,0,0,0,0,0,19,1,0,1,0,0,0,0,19,1,0,1,0,0,0,0,19,1,0,1,0,0,0,0,19,1,0,1,0,0,0,0,19,1,0,1
https://github.com/BroadleafCommerce/BroadleafCommerce/commit/4ef35268bb96bb78b2dc698fa68e7ce763cde32e,admin.broadleaf-open-admin-platform.src.main.java.org.broadleafcommerce.openadmin.dto.BasicFieldMetadata,0,169,0,0,0,0,174,5,0,0,0,0,0,0,171,2,0,3,0,0,0,0,171,2,0,3,0,0,0,0,171,2,0,3,0,0,0,0,171,2,0,3,0,0,0,0,171,2,0,3
https://github.com/BroadleafCommerce/BroadleafCommerce/commit/4ef35268bb96bb78b2dc698fa68e7ce763cde32e,admin.broadleaf-open-admin-platform.src.main.java.org.broadleafcommerce.openadmin.dto.FieldMetadata,0,56,0,0,0,0,61,5,0,0,0,0,0,0,58,2,0,3,0,0,0,0,58,2,0,3,0,0,0,0,58,2,0,3,0,0,0,0,58,2,0,3,0,0,0,0,58,2,0,3
https://github.com/BroadleafCommerce/BroadleafCommerce/commit/9687048f76519fc89b4151cbe2841bbba61a401d,admin.broadleaf-open-admin-platform.src.main.java.org.broadleafcommerce.openadmin.web.controller.AdminAbstractController,0,40,0,0,0,0,42,2,0,0,0,0,0,0,41,1,1,1,0,0,0,0,41,1,1,1,0,0,0,0,42,2,0,0,0,0,0,0,41,1,1,1,0,0,0,0,41,1,1,1
https://github.com/CellularPrivacy/Android-IMSI-Catcher-Detector/commit/e235f884f2e0bc258da77b9c80492ad33386fa86,app.src.main.java.com.SecUpwN.AIMSICD.adapters.AIMSICDDbAdapter,0,59,0,0,0,0,62,3,0,0,0,0,0,0,61,2,0,1,0,0,0,0,61,2,1,1,0,0,0,0,62,3,0,0,0,0,0,0,61,2,1,1,0,0,0,0,62,3,0,0
https://github.com/CyanogenMod/android_frameworks_base/commit/15fd4f9caea01e53725086e290d3b35ec4bd4cd9,packages.Keyguard.src.com.android.keyguard.KeyguardAbsKeyInputView,0,35,0,0,0,0,37,2,0,0,0,0,0,0,36,1,1,1,0,0,0,0,36,1,1,1,0,0,0,0,37,2,0,0,0,0,0,0,36,1,1,1,0,0,0,0,36,1,1,1
https://github.com/CyanogenMod/android_frameworks_base/commit/15fd4f9caea01e53725086e290d3b35ec4bd4cd9,packages.Keyguard.src.com.android.keyguard.KeyguardSimPinView,0,44,0,0,0,0,46,2,0,0,0,0,0,0,46,2,0,0,0,0,0,0,46,2,0,0,0,0,0,0,46,2,0,0,0,0,0,0,46,2,0,0,0,0,0,0,46,2,0,0
https://github.com/CyanogenMod/android_frameworks_base/commit/4587c32ab8a1c8e2169e4f93491a8c927216a6ab,packages.SystemUI.src.com.android.systemui.usb.StorageNotification,0,19,0,0,0,0,21,2,0,0,0,0,0,0,20,1,1,1,0,0,0,0,20,1,1,1,0,0,0,0,21,2,0,0,0,0,0,0,20,1,1,1,0,0,0,0,20,1,1,1
https://github.com/CyanogenMod/android_frameworks_base/commit/658a918eebcbdeb4f920c2947ca8d0e79ad86d89,packages.SystemUI.src.com.android.systemui.statusbar.phone.PhoneStatusBar,0,553,0,0,0,0,559,6,0,0,0,0,0,0,559,6,0,0,0,0,0,0,559,6,0,0,0,0,0,0,559,6,0,0,0,0,0,0,559,6,0,0,0,0,0,0,559,6,0,0
https://github.com/CyanogenMod/android_frameworks_base/commit/76331570e68446c17e4ff5287f5b7b2b6b472895,packages.Keyguard.src.com.android.keyguard.KeyguardUpdateMonitor,0,178,0,0,0,0,180,2,0,0,0,0,0,0,179,1,1,1,0,0,0,0,179,1,1,1,0,0,0,0,180,2,0,0,0,0,0,0,179,1,1,1,0,0,0,0,179,1,1,1
https://github.com/CyanogenMod/android_frameworks_base/commit/76331570e68446c17e4ff5287f5b7b2b6b472895,packages.SystemUI.src.com.android.systemui.keyguard.KeyguardViewMediator,0,171,0,0,0,0,173,2,0,0,0,0,0,0,173,2,0,0,0,0,0,0,173,2,0,0,0,0,0,0,173,2,0,0,0,0,0,0,173,2,0,0,0,0,0,0,173,2,0,0
https://github.com/CyanogenMod/android_frameworks_base/commit/96a2c3410f3c71d3ab20857036422f1d64c3a6d3,services.core.java.com.android.server.power.PowerManagerService,0,348,0,0,0,0,353,5,0,0,0,0,0,0,352,4,1,1,0,0,0,0,352,4,1,1,0,0,0,0,353,5,0,0,0,0,0,0,352,4,1,1,0,0,0,0,352,4,1,1
https://github.com/CyanogenMod/android_frameworks_base/commit/f166866cd68efa963534c5bc7fc9ca38e4aa2838,core.java.android.text.format.DateFormat,0,41,0,0,0,0,43,2,0,0,0,0,0,0,42,1,1,1,0,0,0,0,43,2,0,0,0,0,0,0,43,2,0,0,0,0,0,0,42,1,1,1,0,0,0,0,42,1,1,1
https://github.com/CyanogenMod/android_frameworks_base/commit/f166866cd68efa963534c5bc7fc9ca38e4aa2838,packages.SettingsProvider.src.com.android.providers.settings.DatabaseHelper,0,55,0,0,0,0,57,2,0,0,0,0,0,0,57,2,0,0,0,0,0,0,57,2,0,0,0,0,0,0,57,2,0,0,0,0,0,0,57,2,0,0,0,0,0,0,57,2,0,0
https://github.com/CyanogenMod/android_frameworks_base/commit/f1b8ae1c44e6ba46118c2f66eae1725259acdccc,core.java.com.android.internal.widget.LockPatternUtils,0,184,0,0,0,0,186,2,0,0,0,0,0,0,185,1,1,1,0,0,0,0,185,1,1,1,0,0,0,0,186,2,0,0,0,0,0,0,185,1,1,1,0,0,0,0,185,1,0,1
https://github.com/CyanogenMod/android_frameworks_base/commit/f1b8ae1c44e6ba46118c2f66eae1725259acdccc,core.java.com.android.internal.widget.LockPatternView,0,141,0,0,0,0,146,5,0,0,0,0,0,0,145,4,1,1,0,0,0,0,145,4,1,1,0,0,0,0,146,5,0,0,0,0,0,0,145,4,1,1,0,0,0,0,146,5,0,0
https://github.com/FasterXML/jackson-databind/commit/cfe88fe3fbcc6b02ca55cee7b1f4ab13e249edea,src.main.java.com.fasterxml.jackson.databind.type.TypeFactory,0,67,0,0,0,0,72,5,0,0,0,0,0,0,71,4,1,1,0,0,0,0,71,4,1,1,0,0,0,0,72,5,0,0,0,0,0,0,69,2,3,3,0,0,0,0,71,4,1,1
https://github.com/HdrHistogram/HdrHistogram/commit/0e65ac4da70c6ca5c67bb8418e67db914218042f,src.main.java.org.HdrHistogram.HistogramLogProcessor,0,19,0,0,0,0,21,2,0,0,0,0,0,0,21,2,0,0,0,0,0,0,21,2,0,0,0,0,0,0,21,2,0,0,0,0,0,0,21,2,0,0,0,0,0,0,21,2,0,0
https://github.com/JetBrains/MPS/commit/61b5decd4a4e5e6bbdea99eb76f136ca10915b73,editor.editor-runtime.source.jetbrains.mps.nodeEditor.cellProviders.AbstractCellListHandler,0,21,0,0,0,0,24,3,0,0,0,0,0,0,23,2,1,1,0,0,0,0,23,2,1,1,0,0,0,0,24,3,0,0,0,0,0,0,24,3,0,0,0,0,0,0,22,1,1,2
https://github.com/JetBrains/MPS/commit/ce4b0e22659c16ae83d421f9621fd3e922750764,core.project.source.jetbrains.mps.project.AbstractModule,0,77,0,0,0,0,79,2,0,0,0,0,0,0,78,1,1,1,0,0,0,0,78,1,1,1,0,0,0,0,79,2,0,0,0,0,0,0,78,1,1,1,0,0,0,0,78,1,1,1
https://github.com/JetBrains/MPS/commit/ce4b0e22659c16ae83d421f9621fd3e922750764,core.project.source.jetbrains.mps.smodel.Generator,0,27,0,0,0,0,29,2,0,0,0,0,0,0,29,2,0,0,0,0,0,0,29,2,0,0,0,0,0,0,29,2,0,0,0,0,0,0,29,2,0,0,0,0,0,0,29,2,0,0
https://github.com/JetBrains/intellij-community/commit/04397f41107bd6de41b31d45a4e8e2ed65628bbe,java.java-impl.src.com.intellij.testIntegration.createTest.CreateTestAction,0,10,0,0,0,0,12,2,0,0,0,0,0,0,11,1,1,1,0,0,0,0,11,1,1,1,0,0,0,0,12,2,0,0,0,0,0,0,11,1,1,1,0,0,0,0,11,1,1,1
https://github.com/JetBrains/intellij-community/commit/138911ce88b05039242b8d1b2bb5b7a59008f5ee,platform.lang-impl.src.com.intellij.codeInsight.documentation.DocumentationComponent,0,126,0,0,0,0,128,2,0,0,0,0,0,0,128,2,0,0,0,0,0,0,128,2,0,0,0,0,0,0,128,2,0,0,0,0,0,0,128,2,0,0,0,0,0,0,128,2,0,0
https://github.com/JetBrains/intellij-community/commit/138911ce88b05039242b8d1b2bb5b7a59008f5ee,platform.util.src.com.intellij.util.ui.UIUtil,0,393,0,0,0,0,395,2,0,0,0,0,0,0,394,1,1,1,0,0,0,0,394,1,1,1,0,0,0,0,395,2,0,0,0,0,0,0,394,1,1,1,0,0,0,0,394,1,1,1
https://github.com/JetBrains/intellij-community/commit/33b0ac3a029845f9c20f7f5967c03b31b24f3b4b,platform.indexing-api.src.com.intellij.util.indexing.FileBasedIndex,0,29,0,0,0,0,32,3,0,0,0,0,0,0,30,1,0,2,0,0,0,0,30,1,0,2,0,0,0,0,30,1,0,2,0,0,0,0,30,1,0,2,0,0,0,0,30,1,0,2
https://github.com/JetBrains/intellij-community/commit/33b0ac3a029845f9c20f7f5967c03b31b24f3b4b,platform.lang-impl.src.com.intellij.util.indexing.FileBasedIndexImpl,0,280,0,0,0,0,283,3,0,0,0,0,0,0,281,1,0,2,0,0,0,0,281,1,0,2,0,0,0,0,281,1,0,2,0,0,0,0,281,1,0,2,0,0,0,0,281,1,0,2
https://github.com/JetBrains/intellij-community/commit/61215911ef28ca783c5106d7c01e74cf3000a866,plugins.svn4idea.src.org.jetbrains.idea.svn.commandLine.Command,0,47,0,0,0,0,50,3,0,0,0,0,0,0,50,3,0,0,0,0,0,0,50,3,0,0,0,0,0,0,50,3,0,0,0,0,0,0,50,3,0,0,0,0,0,0,50,3,0,0
https://github.com/JetBrains/intellij-community/commit/61215911ef28ca783c5106d7c01e74cf3000a866,plugins.svn4idea.src.org.jetbrains.idea.svn.commandLine.CommandUtil,0,20,0,0,0,0,22,2,0,0,0,0,0,0,21,1,1,1,0,0,0,0,21,1,1,1,0,0,0,0,22,2,0,0,0,0,0,0,21,1,1,1,0,0,0,0,21,1,1,1
https://github.com/JetBrains/intellij-community/commit/619a6012da868d0d42d9628460f2264effe9bdba,platform.lang-impl.src.com.intellij.ide.util.gotoByName.ChooseByNameBase,0,204,0,0,0,0,215,11,0,0,0,0,0,0,215,11,0,0,0,0,0,0,215,11,0,0,0,0,0,0,214,10,0,1,0,0,0,0,214,10,1,1,0,0,0,0,215,11,0,0
https://github.com/JetBrains/intellij-community/commit/6905d569a1e39d0d7b1ec5ceee4f0bbe60b85947,python.educational.src.com.jetbrains.edu.courseFormat.Lesson,0,18,0,0,0,0,19,1,0,0,0,0,0,0,19,1,0,0,0,0,0,0,19,1,0,0,0,0,0,0,19,1,0,0,0,0,0,0,19,1,0,0,0,0,0,0,19,1,0,0
https://github.com/JetBrains/intellij-community/commit/6905d569a1e39d0d7b1ec5ceee4f0bbe60b85947,python.educational.src.com.jetbrains.edu.courseFormat.Task,0,30,0,0,0,0,31,1,0,0,0,0,0,0,31,1,0,0,0,0,0,0,31,1,0,0,0,0,0,0,31,1,0,0,0,0,0,0,31,1,0,0,0,0,0,0,31,1,0,0
https://github.com/JetBrains/intellij-community/commit/6b90205e9f7bbd1570f600d3812fd3efa1a0597e,platform.lang-impl.src.com.intellij.execution.console.RunIdeConsoleAction,0,29,0,0,0,0,44,15,0,0,0,0,0,0,31,2,0,13,0,0,0,0,31,2,0,13,0,0,0,0,31,2,0,13,0,0,0,0,30,1,1,14,0,0,0,0,31,2,0,13
https://github.com/JetBrains/intellij-community/commit/7dd55014f9840ce03867bb175cf37a4c151dc806,platform.platform-impl.src.com.intellij.openapi.options.ex.ConfigurableCardPanel,0,1,0,0,0,0,7,6,0,0,0,0,0,0,7,6,0,0,0,0,0,0,7,6,0,0,0,0,0,0,7,6,0,0,0,0,0,0,6,5,1,1,0,0,0,0,7,6,0,0
https://github.com/JetBrains/intellij-community/commit/7dd55014f9840ce03867bb175cf37a4c151dc806,platform.platform-impl.src.com.intellij.openapi.options.ex.ConfigurableWrapper,0,33,0,0,0,0,36,3,0,0,0,0,0,0,36,3,0,0,0,0,0,0,36,3,0,0,0,0,0,0,36,3,0,0,0,0,0,0,35,2,1,1,0,0,0,0,36,3,0,0
https://github.com/JetBrains/intellij-community/commit/7ed3f273ab0caf0337c22f0b721d51829bb0c877,python.educational.src.com.jetbrains.edu.stepic.EduStepicConnector,0,68,0,0,0,0,71,3,0,0,0,0,0,0,70,2,1,1,0,0,0,0,70,2,1,1,0,0,0,0,71,3,0,0,0,0,0,0,70,2,1,1,0,0,0,0,70,2,1,1
https://github.com/JetBrains/intellij-community/commit/8d7a26edd1fedb9505b4f2b4fe57b2d2958b4dd9,platform.vcs-impl.src.com.intellij.openapi.vcs.history.FileHistoryPanelImpl,0,241,0,0,0,0,249,8,0,0,0,0,0,0,249,8,0,0,0,0,0,0,249,8,0,0,0,0,0,0,249,8,0,0,0,0,0,0,249,8,0,0,0,0,0,0,249,8,0,0
https://github.com/JetBrains/intellij-community/commit/97811cf971f7ccf6a5fc5e90a491db2f58d49da1,jps.jps-builders.src.org.jetbrains.jps.cmdline.BuildMain,0,21,0,0,0,0,39,18,0,0,0,0,0,0,22,1,0,17,0,0,0,0,22,1,0,17,0,0,0,0,22,1,0,17,0,0,0,0,21,0,1,18,0,0,0,0,22,1,0,17
https://github.com/JetBrains/intellij-community/commit/97811cf971f7ccf6a5fc5e90a491db2f58d49da1,jps.standalone-builder.src.org.jetbrains.jps.build.Standalone,0,17,0,0,0,0,18,1,0,0,0,0,0,0,18,1,0,0,0,0,0,0,18,1,0,0,0,0,0,0,18,1,0,0,0,0,0,0,18,1,0,0,0,0,0,0,18,1,0,0
https://github.com/JetBrains/intellij-community/commit/98ecc4cfd927f388645f6a6bc492c80868b1a11d,plugins.properties.src.com.intellij.lang.properties.create.CreateResourceBundleDialogComponent,0,57,0,0,0,0,60,3,0,0,0,0,0,0,60,3,0,0,0,0,0,0,60,3,0,0,0,0,0,0,60,3,0,0,0,0,0,0,59,2,1,1,0,0,0,0,60,3,0,0
https://github.com/JetBrains/intellij-community/commit/9fbf6b852bd9766060307aff960fb597d55e24d3,platform.util.src.com.intellij.util.io.CachingEnumerator,0,10,0,0,0,0,14,4,0,0,0,0,0,0,13,3,1,1,0,0,0,0,13,3,1,1,0,0,0,0,14,4,0,0,0,0,0,0,12,2,2,2,0,0,0,0,13,3,1,1
https://github.com/JetBrains/intellij-community/commit/a9379ee529ed87e28c0736c3c6657dcd6a0680e4,platform.util.src.com.intellij.openapi.util.io.FileUtil,0,146,0,0,0,0,150,4,0,0,0,0,0,0,149,3,1,1,0,0,0,0,149,3,1,1,0,0,0,0,150,4,0,0,0,0,0,0,148,2,2,2,0,0,0,0,149,3,1,1
https://github.com/JetBrains/intellij-community/commit/a9379ee529ed87e28c0736c3c6657dcd6a0680e4,platform.util.testSrc.com.intellij.openapi.util.io.FileUtilHeavyTest,0,33,0,0,0,0,34,1,0,0,0,0,0,0,34,1,0,0,0,0,0,0,34,1,0,0,0,0,0,0,34,1,0,0,0,0,0,0,34,1,0,0,0,0,0,0,34,1,0,0
https://github.com/JetBrains/intellij-community/commit/a97341973c3b683d62d1422e5404ed5c7ccf45f8,plugins.javaFX.javaFX-CE.testSrc.org.jetbrains.plugins.javaFX.fxml.JavaFXRenameTest,0,12,0,0,0,0,13,1,0,0,0,0,0,0,13,1,0,0,0,0,0,0,13,1,0,0,0,0,0,0,13,1,0,0,0,0,0,0,13,1,0,0,0,0,0,0,13,1,0,0
https://github.com/JetBrains/intellij-community/commit/a97341973c3b683d62d1422e5404ed5c7ccf45f8,plugins.javaFX.src.org.jetbrains.plugins.javaFX.fxml.refs.FxmlReferencesContributor,0,15,0,0,0,0,20,5,0,0,0,0,0,0,20,5,0,0,0,0,0,0,20,5,0,0,0,0,0,0,20,5,0,0,0,0,0,0,19,4,1,1,0,0,0,0,20,5,0,0
https://github.com/JetBrains/intellij-community/commit/af618666043f21b3db7e6a1be2aa225ae0f432b4,platform.platform-impl.src.com.intellij.openapi.editor.impl.EditorGutterComponentImpl,0,155,0,0,0,0,158,3,0,0,0,0,0,0,158,3,0,0,0,0,0,0,158,3,0,0,0,0,0,0,158,3,0,0,0,0,0,0,157,2,1,1,0,0,0,0,158,3,0,0
https://github.com/JetBrains/intellij-community/commit/d71154ed21e2d5c65bb0ddb000bcb04ca5735048,platform.platform-impl.src.org.jetbrains.io.JsonReaderEx,0,108,0,0,0,0,110,2,0,0,0,0,0,0,110,2,0,0,0,0,0,0,110,2,0,0,0,0,0,0,110,2,0,0,0,0,0,0,110,2,0,0,0,0,0,0,110,2,0,0
https://github.com/JetBrains/intellij-community/commit/d71154ed21e2d5c65bb0ddb000bcb04ca5735048,platform.script-debugger.backend.src.org.jetbrains.debugger.sourcemap.SourceResolver,0,22,0,0,0,0,24,2,0,0,0,0,0,0,24,2,0,0,0,0,0,0,24,2,0,0,0,0,0,0,24,2,0,0,0,0,0,0,23,1,1,1,0,0,0,0,24,2,0,0
https://github.com/JetBrains/intellij-community/commit/e1625136ba12907696ef4c6e922ce073293f3a2c,plugins.maven.src.main.java.org.jetbrains.idea.maven.project.MavenProject,0,145,0,0,0,0,147,2,0,0,0,0,0,0,147,2,0,0,0,0,0,0,147,2,0,0,0,0,0,0,147,2,0,0,0,0,0,0,146,1,1,1,0,0,0,0,147,2,0,0
https://github.com/JetBrains/intellij-community/commit/e1f0dbc2f09541fc64ce88ee22d8f8f4648004fe,plugins.maven.src.main.java.org.jetbrains.idea.maven.utils.library.RepositoryAttachHandler,0,20,0,0,0,0,23,3,0,0,0,0,0,0,22,2,1,1,0,0,0,0,22,2,1,1,0,0,0,0,22,2,0,1,0,0,0,0,22,2,1,1,0,0,0,0,22,2,1,1
https://github.com/JetBrains/intellij-plugins/commit/0df7cb00757fe0d4fac8d8b0d5fc46af95feb238,Dart.src.com.jetbrains.lang.dart.analyzer.DartAnalysisServerService,0,153,0,0,0,0,155,2,0,0,0,0,0,0,155,2,0,0,0,0,0,0,155,2,0,0,0,0,0,0,155,2,0,0,0,0,0,0,155,2,0,0,0,0,0,0,155,2,0,0
https://github.com/JetBrains/intellij-plugins/commit/0df7cb00757fe0d4fac8d8b0d5fc46af95feb238,Dart.src.com.jetbrains.lang.dart.resolve.DartResolver,0,10,0,0,0,0,12,2,0,0,0,0,0,0,12,2,0,0,0,0,0,0,12,2,0,0,0,0,0,0,12,2,0,0,0,0,0,0,11,1,1,1,0,0,0,0,12,2,0,0
https://github.com/JetBrains/intellij-plugins/commit/83b3092c1ee11b70489732f9e69b8e01c2a966f0,Dart.src.com.jetbrains.lang.dart.analyzer.DartAnalysisServerService,0,157,0,0,0,0,165,8,0,0,0,0,0,0,165,8,0,0,0,0,0,0,165,8,0,0,0,0,0,0,165,8,0,0,0,0,0,0,164,7,1,1,0,0,0,0,165,8,0,0
https://github.com/JetBrains/intellij-plugins/commit/83b3092c1ee11b70489732f9e69b8e01c2a966f0,Dart.src.com.jetbrains.lang.dart.ide.actions.AbstractDartFileProcessingAction,0,15,0,0,0,0,15,0,0,0,0,0,0,0,15,0,0,0,0,0,0,0,15,0,0,0,0,0,0,0,15,0,0,0,0,0,0,0,15,0,0,0,0,0,0,0,15,0,0,0
https://github.com/JoanZapata/android-iconify/commit/eb500cca282e39d01a9882e1d0a83186da6d1a26,android-iconify.src.main.java.com.joanzapata.android.iconify.Iconify,0,16,0,0,0,0,20,4,0,0,0,0,0,0,18,2,0,2,0,0,0,0,19,3,0,1,0,0,0,0,20,4,0,0,0,0,0,0,20,4,0,0,0,0,0,0,15,-1,0,5
https://github.com/JoanZapata/android-iconify/commit/eb500cca282e39d01a9882e1d0a83186da6d1a26,android-iconify.src.main.java.com.joanzapata.android.iconify.Utils,0,6,0,0,0,0,9,3,0,0,0,0,0,0,9,3,0,0,0,0,0,0,9,3,0,0,0,0,0,0,9,3,0,0,0,0,0,0,8,2,1,1,0,0,0,0,8,2,1,1
https://github.com/MovingBlocks/Terasology/commit/8f63cc5c8edb8e740026447bc4827f8e8e6c34b1,engine.src.main.java.org.terasology.rendering.nui.layers.mainMenu.PreviewWorldScreen,0,26,0,0,0,0,30,4,0,0,0,0,0,0,30,4,0,0,0,0,0,0,30,4,0,0,0,0,0,0,30,4,0,0,0,0,0,0,29,3,1,1,0,0,0,0,30,4,0,0
https://github.com/MovingBlocks/Terasology/commit/dbd2d5048ae5e30fec98ddd969b6c1e91183fb65,engine.src.main.java.org.terasology.engine.modes.loadProcesses.InitialiseRemoteWorld,0,5,0,0,0,0,7,2,0,0,0,0,0,0,7,2,0,0,0,0,0,0,7,2,0,0,0,0,0,0,7,2,0,0,0,0,0,0,7,2,0,0,0,0,0,0,7,2,0,0
https://github.com/MovingBlocks/Terasology/commit/dbd2d5048ae5e30fec98ddd969b6c1e91183fb65,engine.src.main.java.org.terasology.world.chunks.remoteChunkProvider.RemoteChunkProvider,0,45,0,0,0,0,51,6,0,0,0,0,0,0,49,4,0,2,0,0,0,0,49,4,0,2,0,0,0,0,49,4,0,2,0,0,0,0,49,4,0,2,0,0,0,0,49,4,0,2
https://github.com/Netflix/eureka/commit/1cacbe2ad700275bc575234ff2b32ee0d6493817,eureka-client.src.main.java.com.netflix.discovery.DiscoveryClient,0,122,0,0,0,0,125,3,0,0,0,0,0,0,124,2,0,1,0,0,0,0,125,3,0,0,0,0,0,0,125,3,0,0,0,0,0,0,124,2,1,1,0,0,0,0,125,3,0,0
https://github.com/Netflix/eureka/commit/1cacbe2ad700275bc575234ff2b32ee0d6493817,eureka-client.src.main.java.com.netflix.discovery.StatusChangeEvent,0,7,0,0,0,0,8,1,0,0,0,0,0,0,8,1,0,0,0,0,0,0,8,1,0,0,0,0,0,0,8,1,0,0,0,0,0,0,8,1,0,0,0,0,0,0,8,1,0,0
https://github.com/Netflix/eureka/commit/f6212a7e474f812f31ddbce6d4f7a7a0d498b751,eureka-client.src.main.java.com.netflix.discovery.DiscoveryClient,0,120,0,0,0,0,123,3,0,0,0,0,0,0,123,3,0,0,0,0,0,0,123,3,0,0,0,0,0,0,123,3,0,0,0,0,0,0,123,3,0,0,0,0,0,0,123,3,0,0
https://github.com/SonarSource/sonarqube/commit/0d9fcaa4415ee996e423a97cfe0d965586ca59a5,sonar-batch.src.main.java.org.sonar.batch.bootstrapper.Batch,0,28,0,0,0,0,31,3,0,0,0,0,0,0,30,2,1,1,0,0,0,0,30,2,1,1,0,0,0,0,31,3,0,0,0,0,0,0,30,2,1,1,0,0,0,0,30,2,1,1
https://github.com/SonarSource/sonarqube/commit/7668c875dfa7240b1ec08eb60b42107bae1b4cd3,server.sonar-server.src.main.java.org.sonar.server.computation.step.PersistComponentsStep,0,22,0,0,0,0,28,6,0,0,0,0,0,0,28,6,0,0,0,0,0,0,28,6,0,0,0,0,0,0,27,5,0,1,0,0,0,0,27,5,0,1,0,0,0,0,27,5,0,1
https://github.com/SonarSource/sonarqube/commit/7668c875dfa7240b1ec08eb60b42107bae1b4cd3,server.sonar-server.src.test.java.org.sonar.server.computation.step.PersistComponentsStepTest,0,21,0,0,0,0,25,4,0,0,0,0,0,0,25,4,0,0,0,0,0,0,25,4,0,0,0,0,0,0,25,4,0,0,0,0,0,0,25,4,0,0,0,0,0,0,25,4,0,0
https://github.com/SonarSource/sonarqube/commit/c55a8c3761e9aae9f375d312c14b1bbb9ee9c0fa,server.sonar-server.src.main.java.org.sonar.server.computation.step.PersistComponentsStep,0,22,0,0,0,0,28,6,0,0,0,0,0,0,28,6,0,0,0,0,0,0,28,6,0,0,0,0,0,0,27,5,0,1,0,0,0,0,27,5,0,1,0,0,0,0,27,5,0,1
https://github.com/SonarSource/sonarqube/commit/c55a8c3761e9aae9f375d312c14b1bbb9ee9c0fa,server.sonar-server.src.test.java.org.sonar.server.computation.step.PersistComponentsStepTest,0,21,0,0,0,0,25,4,0,0,0,0,0,0,25,4,0,0,0,0,0,0,25,4,0,0,0,0,0,0,25,4,0,0,0,0,0,0,25,4,0,0,0,0,0,0,25,4,0,0
https://github.com/VoltDB/voltdb/commit/c1359c843bd03a694f846c8140e24ed646bbb913,tests.frontend.org.voltdb.TestAdhocCreateDropIndex,0,0,0,0,0,0,3,3,0,0,0,0,0,0,3,3,0,0,0,0,0,0,3,3,0,0,0,0,0,0,3,3,0,0,0,0,0,0,2,2,1,1,0,0,0,0,3,3,0,0
https://github.com/VoltDB/voltdb/commit/c9b2006381301c99b66c50c4b31f329caac06137,src.frontend.org.voltdb.utils.PBDMMapSegment,0,32,0,0,0,0,36,4,0,0,0,0,0,0,35,3,1,1,0,0,0,0,35,3,1,1,0,0,0,0,36,4,0,0,0,0,0,0,35,3,1,1,0,0,0,0,35,3,1,1
https://github.com/VoltDB/voltdb/commit/c9b2006381301c99b66c50c4b31f329caac06137,src.frontend.org.voltdb.utils.PBDRegularSegment,0,35,0,0,0,0,38,3,0,0,0,0,0,0,37,2,1,1,0,0,0,0,37,2,1,1,0,0,0,0,38,3,0,0,0,0,0,0,37,2,1,1,0,0,0,0,37,2,1,1
https://github.com/VoltDB/voltdb/commit/cfc54e8afa7ee7d5376525a84559e90b21487ccf,src.frontend.org.voltdb.importclient.kafka.KafkaStreamImporter,0,66,0,0,0,0,76,10,0,0,0,0,0,0,75,9,0,1,0,0,0,0,75,9,0,1,0,0,0,0,76,10,0,0,0,0,0,0,76,10,0,0,0,0,0,0,75,9,0,1
https://github.com/VoltDB/voltdb/commit/d47e58f9bbce9a816378e8a7930c1de67a864c29,src.frontend.org.voltdb.ImportHandler,0,22,0,0,0,0,24,2,0,0,0,0,0,0,23,1,1,1,0,0,0,0,23,1,1,1,0,0,0,0,24,2,0,0,0,0,0,0,23,1,1,1,0,0,0,0,23,1,1,1
https://github.com/VoltDB/voltdb/commit/d47e58f9bbce9a816378e8a7930c1de67a864c29,src.frontend.org.voltdb.InternalConnectionHandler,0,9,0,0,0,0,11,2,0,0,0,0,0,0,11,2,0,0,0,0,0,0,11,2,0,0,0,0,0,0,11,2,0,0,0,0,0,0,11,2,0,0,0,0,0,0,11,2,0,0
https://github.com/WhisperSystems/Signal-Android/commit/f0b2cc559026871c1b4d8e008666afb590553004,src.org.thoughtcrime.securesms.notifications.MessageNotifier,0,24,0,0,0,0,26,2,0,0,0,0,0,0,26,2,0,0,0,0,0,0,26,2,0,0,0,0,0,0,26,2,0,0,0,0,0,0,26,2,0,0,0,0,0,0,26,2,0,0
https://github.com/WhisperSystems/Signal-Android/commit/f0b2cc559026871c1b4d8e008666afb590553004,src.org.thoughtcrime.securesms.notifications.NotificationState,0,10,0,0,0,0,12,2,0,0,0,0,0,0,11,1,1,1,0,0,0,0,11,1,1,1,0,0,0,0,12,2,0,0,0,0,0,0,11,1,1,1,0,0,0,0,11,1,1,1
https://github.com/abarisain/dmix/commit/885771d57c97bd2dd48951e8aeaaa87ceb87532b,MPDroid.src.main.java.com.namelessdev.mpdroid.widgets.WidgetHelperService,0,5,0,0,0,0,8,3,0,0,0,0,0,0,7,2,0,1,0,0,0,0,7,2,0,1,0,0,0,0,8,3,0,0,0,0,0,0,7,2,1,1,0,0,0,0,7,2,0,1
https://github.com/apache/camel/commit/ab1d1dd78fe53edb50c4ede447e4ac5a55ee2ac9,components.camel-sjms.src.main.java.org.apache.camel.component.sjms.consumer.AbstractMessageHandler,0,25,0,0,0,0,27,2,0,0,0,0,0,0,27,2,0,0,0,0,0,0,27,2,0,0,0,0,0,0,27,2,0,0,0,0,0,0,27,2,0,0,0,0,0,0,27,2,0,0
https://github.com/apache/camel/commit/ab1d1dd78fe53edb50c4ede447e4ac5a55ee2ac9,components.camel-sjms.src.main.java.org.apache.camel.component.sjms.jms.JmsMessageHelper,0,17,0,0,0,0,20,3,0,0,0,0,0,0,19,2,0,1,0,0,0,0,19,2,1,1,0,0,0,0,20,3,0,0,0,0,0,0,19,2,1,1,0,0,0,0,19,2,1,1
https://github.com/apache/camel/commit/cb0935e3af05b333b5c85a4fb3b1846836218f11,components.camel-quartz2.src.main.java.org.apache.camel.component.quartz2.QuartzComponent,0,36,0,0,0,0,39,3,0,0,0,0,0,0,39,3,0,0,0,0,0,0,39,3,0,0,0,0,0,0,39,3,0,0,0,0,0,0,38,2,1,1,0,0,0,0,39,3,0,0
https://github.com/apache/cassandra/commit/1a2c1bcdc7267abec9b19d77726aedbb045d79a8,test.unit.org.apache.cassandra.db.compaction.CompactionsCQLTest,0,0,0,0,0,0,1,1,1,0,0,0,0,0,1,1,1,0,0,0,0,0,1,1,1,0,0,0,0,0,1,1,1,0,0,0,0,0,1,1,1,0,0,0,0,0,1,1,0,0
https://github.com/apache/cassandra/commit/2b0a8f6bdac621badabcb9921c077260f2470c26,src.java.org.apache.cassandra.db.RowUpdateBuilder,0,45,0,0,0,0,49,4,0,0,0,0,0,0,48,3,1,1,0,0,0,0,48,3,1,1,0,0,0,0,49,4,0,0,0,0,0,0,48,3,1,1,0,0,0,0,48,3,1,1
https://github.com/apache/cassandra/commit/2b0a8f6bdac621badabcb9921c077260f2470c26,test.unit.org.apache.cassandra.db.PartitionTest,0,9,0,0,0,0,11,2,0,0,0,0,0,0,11,2,0,0,0,0,0,0,11,2,0,0,0,0,0,0,11,2,0,0,0,0,0,0,11,2,0,0,0,0,0,0,11,2,0,0
https://github.com/apache/cassandra/commit/4fcd7d4d366d001cf5f1f7d926c608c902e3f0af,test.unit.org.apache.cassandra.locator.DynamicEndpointSnitchTest,0,2,0,0,0,0,12,10,0,0,0,0,0,0,3,1,0,9,0,0,0,0,3,1,0,9,0,0,0,0,3,1,0,9,0,0,0,0,2,0,1,10,0,0,0,0,3,1,0,9
https://github.com/apache/commons-lang/commit/d9a2c69a9d1db6072e1d7b7ea4fcbd5c15d20b5d,src.main.java.org.apache.commons.lang3.time.DateUtils,0,78,0,0,0,0,80,2,0,0,0,0,0,0,80,2,0,0,0,0,0,0,80,2,0,0,0,0,0,0,80,2,0,0,0,0,0,0,80,2,0,0,0,0,0,0,80,2,0,0
https://github.com/apache/commons-lang/commit/d9a2c69a9d1db6072e1d7b7ea4fcbd5c15d20b5d,src.test.java.org.apache.commons.lang3.time.DateUtilsTest,0,97,0,0,0,0,104,7,0,0,0,0,0,0,101,4,0,3,0,0,0,0,101,4,0,3,0,0,0,0,101,4,0,3,0,0,0,0,101,4,0,3,0,0,0,0,101,4,0,3
https://github.com/apache/drill/commit/711992f22ae6d6dfc43bdb4c01bf8f921d175b38,exec.jdbc.src.main.java.org.apache.drill.jdbc.impl.DrillCursor,0,18,0,0,0,0,22,4,0,0,0,0,0,0,21,3,1,1,0,0,0,0,21,3,1,1,0,0,0,0,22,4,0,0,0,0,0,0,22,4,0,0,0,0,0,0,21,3,1,1
https://github.com/apache/drill/commit/711992f22ae6d6dfc43bdb4c01bf8f921d175b38,exec.jdbc.src.main.java.org.apache.drill.jdbc.impl.DrillResultSetImpl,0,43,0,0,0,0,45,2,0,0,0,0,0,0,45,2,0,0,0,0,0,0,45,2,0,0,0,0,0,0,45,2,0,0,0,0,0,0,45,2,0,0,0,0,0,0,45,2,0,0
https://github.com/apache/giraph/commit/add1d4f07c925b8a9044cb3aa5bb4abdeaf49fc7,giraph-core.src.main.java.org.apache.giraph.writable.kryo.HadoopKryo,0,27,0,0,0,0,29,2,0,0,0,0,0,0,29,2,0,0,0,0,0,0,29,2,0,0,0,0,0,0,29,2,0,0,0,0,0,0,28,1,1,1,0,0,0,0,29,2,0,0
https://github.com/apache/giraph/commit/add1d4f07c925b8a9044cb3aa5bb4abdeaf49fc7,giraph-core.src.test.java.org.apache.giraph.writable.kryo.KryoWritableTest,0,29,0,0,0,0,30,1,0,0,0,0,0,0,30,1,0,0,0,0,0,0,30,1,0,0,0,0,0,0,30,1,0,0,0,0,0,0,30,1,0,0,0,0,0,0,30,1,0,0
https://github.com/apache/hive/commit/240097b78b70172e1cf9bc37876a566ddfb9e115,ql.src.java.org.apache.hadoop.hive.ql.io.orc.OrcRecordUpdater,0,96,0,0,0,0,98,2,0,0,0,0,0,0,97,1,0,1,0,0,0,0,97,1,0,1,0,0,0,0,97,1,0,1,0,0,0,0,97,1,0,1,0,0,0,0,97,1,0,1
https://github.com/apache/hive/commit/240097b78b70172e1cf9bc37876a566ddfb9e115,ql.src.java.org.apache.hadoop.hive.ql.io.orc.RecordReaderFactory,0,7,0,0,0,0,10,3,0,0,0,0,0,0,9,2,0,1,0,0,0,0,9,2,0,1,0,0,0,0,9,2,0,1,0,0,0,0,9,2,0,1,0,0,0,0,9,2,0,1
https://github.com/apache/hive/commit/4ccc0c37aabbd90ecaa36fcc491e2270e7e9bea6,hcatalog.core.src.main.java.org.apache.hive.hcatalog.mapreduce.PartInfo,0,24,0,0,0,0,27,3,0,0,0,0,0,0,25,1,2,2,0,0,0,0,25,1,2,2,0,0,0,0,27,3,0,0,0,0,0,0,26,2,1,1,0,0,0,0,25,1,2,2
https://github.com/apache/hive/commit/5f78f9ef1e6c798849d34cc66721e6c1d9709b6f,ql.src.java.org.apache.hadoop.hive.ql.io.orc.OrcInputFormat,0,154,0,0,0,0,161,7,0,0,0,0,0,0,159,5,2,2,0,0,0,0,159,5,2,2,0,0,0,0,161,7,0,0,0,0,0,0,159,5,2,2,0,0,0,0,159,5,2,2
https://github.com/apache/hive/commit/5f78f9ef1e6c798849d34cc66721e6c1d9709b6f,ql.src.test.org.apache.hadoop.hive.ql.io.orc.TestInputOutputFormat,0,141,0,0,0,0,143,2,0,0,0,0,0,0,143,2,0,0,0,0,0,0,143,2,0,0,0,0,0,0,143,2,0,0,0,0,0,0,143,2,0,0,0,0,0,0,143,2,0,0
https://github.com/apache/hive/commit/999e0e3616525d77cf46c5865f9981b5a6b5609a,ql.src.java.org.apache.hadoop.hive.ql.parse.CalcitePlanner,0,85,0,0,0,0,89,4,0,0,0,0,0,0,88,3,1,1,0,0,0,0,88,3,1,1,0,0,0,0,89,4,0,0,0,0,0,0,88,3,1,1,0,0,0,0,88,3,1,1
https://github.com/apache/hive/commit/f664789737d516ac664462732664121acc111a1e,hcatalog.webhcat.svr.src.main.java.org.apache.hive.hcatalog.templeton.AppConfig,0,90,0,0,0,0,92,2,0,0,0,0,0,0,91,1,1,1,0,0,0,0,91,1,1,1,0,0,0,0,92,2,0,0,0,0,0,0,91,1,1,1,0,0,0,0,91,1,1,1
https://github.com/apache/hive/commit/f664789737d516ac664462732664121acc111a1e,hcatalog.webhcat.svr.src.main.java.org.apache.hive.hcatalog.templeton.SecureProxySupport,0,18,0,0,0,0,21,3,0,0,0,0,0,0,21,3,0,0,0,0,0,0,21,3,0,0,0,0,0,0,21,3,0,0,0,0,0,0,21,3,0,0,0,0,0,0,21,3,0,0
https://github.com/apache/pig/commit/7a1659c12d76b510809dea1dea1f5100bcf4cd60,src.org.apache.pig.backend.hadoop.executionengine.spark.SparkLauncher,0,25,0,0,0,0,29,4,0,0,0,0,0,0,29,4,0,0,0,0,0,0,29,4,0,0,0,0,0,0,29,4,0,0,0,0,0,0,28,3,1,1,0,0,0,0,29,4,0,0
https://github.com/apache/pig/commit/92dce401344a28ff966ad4cf3dd969a676852315,src.org.apache.pig.builtin.OrcStorage,0,56,0,0,0,0,59,3,0,0,0,0,0,0,59,3,0,0,0,0,0,0,59,3,0,0,0,0,0,0,59,3,0,0,0,0,0,0,58,2,1,1,0,0,0,0,59,3,0,0
https://github.com/apache/pig/commit/92dce401344a28ff966ad4cf3dd969a676852315,src.org.apache.pig.impl.util.Utils,0,50,0,0,0,0,53,3,0,0,0,0,0,0,51,1,1,2,0,0,0,0,51,1,2,2,0,0,0,0,53,3,0,0,0,0,0,0,51,1,2,2,0,0,0,0,51,1,2,2
https://github.com/apereo/cas/commit/7fb0d1ce3b6583013e81ac05eb9afb15d20eab7f,cas-server-support-spnego.src.main.java.org.jasig.cas.support.spnego.authentication.principal.SpnegoCredential,0,19,0,0,0,0,22,3,0,0,0,0,0,0,21,2,0,1,0,0,0,0,21,2,0,1,0,0,0,0,21,2,0,1,0,0,0,0,21,2,0,1,0,0,0,0,21,2,0,1
https://github.com/apereo/cas/commit/7fb0d1ce3b6583013e81ac05eb9afb15d20eab7f,cas-server-support-spnego.src.main.java.org.jasig.cas.support.spnego.util.SpnegoConstants,0,7,0,0,0,0,9,2,0,0,0,0,0,0,8,1,0,1,0,0,0,0,8,1,0,1,0,0,0,0,8,1,0,1,0,0,0,0,8,1,0,1,0,0,0,0,8,1,0,1
https://github.com/assertj/assertj/commit/b36ab386559d04db114db8edd87c8d4cbf850c12,src.main.java.org.assertj.core.api.Assertions,0,10,0,0,0,0,110,100,0,0,0,0,0,0,11,1,0,99,0,0,0,0,11,1,0,99,0,0,0,0,11,1,0,99,0,0,0,0,11,1,0,99,0,0,0,0,11,1,0,99
https://github.com/assertj/assertj/commit/b36ab386559d04db114db8edd87c8d4cbf850c12,src.main.java.org.assertj.core.api.BDDAssertions,0,54,0,0,0,0,54,0,0,0,0,0,0,0,54,0,0,0,0,0,0,0,54,0,0,0,0,0,0,0,54,0,0,0,0,0,0,0,54,0,0,0,0,0,0,0,54,0,0,0
https://github.com/belaban/JGroups/commit/f1533756133dec84ce8218202585ac85904da7c9,src.org.jgroups.auth.FixedMembershipToken,0,8,0,0,0,0,14,6,0,0,0,0,0,0,14,6,0,0,0,0,0,0,14,6,0,0,0,0,0,0,14,6,0,0,0,0,0,0,13,5,1,1,0,0,0,0,14,6,0,0
https://github.com/belaban/JGroups/commit/f1533756133dec84ce8218202585ac85904da7c9,tests.junit-functional.org.jgroups.protocols.AUTHTest,0,8,0,0,0,0,9,1,0,0,0,0,0,0,9,1,0,0,0,0,0,0,9,1,0,0,0,0,0,0,9,1,0,0,0,0,0,0,9,1,0,0,0,0,0,0,9,1,0,0
https://github.com/bitcoinj/bitcoinj/commit/95bfa40630e34f6f369e0055d9f37f49bca60247,core.src.main.java.org.bitcoinj.core.Peer,0,122,0,0,0,0,124,2,0,0,0,0,0,0,123,1,1,1,0,0,0,0,123,1,1,1,0,0,0,0,124,2,0,0,0,0,0,0,123,1,1,1,0,0,0,0,123,1,1,1
https://github.com/brettwooldridge/HikariCP/commit/cd8c4d578a609bdd6395d3a8c49bfd19ed700dea,src.main.java.com.zaxxer.hikari.util.ClockSource,0,8,0,0,0,0,21,13,0,0,0,0,0,0,9,1,0,12,0,0,0,0,9,1,0,12,0,0,0,0,9,1,0,12,0,0,0,0,9,1,0,12,0,0,0,0,9,1,0,12
https://github.com/brettwooldridge/HikariCP/commit/e19c6874431dc2c3046436c2ac249a0ab2ef3457,hikaricp-common.src.main.java.com.zaxxer.hikari.proxy.ConnectionProxy,0,44,0,0,0,0,46,2,0,0,0,0,0,0,46,2,0,0,0,0,0,0,46,2,0,0,0,0,0,0,46,2,0,0,0,0,0,0,45,1,1,1,0,0,0,0,46,2,0,0
https://github.com/brianfrankcooper/YCSB/commit/0b024834549c53512ef18bce89f60ef9225d4819,core.src.main.java.com.yahoo.ycsb.Client,0,33,0,0,0,0,37,4,0,0,0,0,0,0,37,4,0,0,0,0,0,0,37,4,0,0,0,0,0,0,37,4,0,0,0,0,0,0,36,3,1,1,0,0,0,0,37,4,0,0
https://github.com/brianfrankcooper/YCSB/commit/0b024834549c53512ef18bce89f60ef9225d4819,core.src.main.java.com.yahoo.ycsb.workloads.CoreWorkload,0,70,0,0,0,0,72,2,0,0,0,0,0,0,72,2,0,0,0,0,0,0,72,2,0,0,0,0,0,0,72,2,0,0,0,0,0,0,72,2,0,0,0,0,0,0,72,2,0,0
https://github.com/bumptech/glide/commit/0d4b27952751de0caab01774048c3e0ec74824ce,library.src.main.java.com.bumptech.glide.request.target.ImageViewTarget,0,8,0,0,0,0,12,4,0,0,0,0,0,0,12,4,0,0,0,0,0,0,12,4,0,0,0,0,0,0,12,4,0,0,0,0,0,0,12,4,0,0,0,0,0,0,12,4,0,0
https://github.com/bumptech/glide/commit/0d4b27952751de0caab01774048c3e0ec74824ce,library.src.main.java.com.bumptech.glide.request.target.ViewTarget,0,29,0,0,0,0,34,5,0,0,0,0,0,0,34,5,0,0,0,0,0,0,34,5,0,0,0,0,0,0,34,5,0,0,0,0,0,0,33,4,1,1,0,0,0,0,34,5,0,0
https://github.com/checkstyle/checkstyle/commit/5a9b7249e3d092a78ac8e7d48aeeb62bf1c44e20,src.main.java.com.puppycrawl.tools.checkstyle.checks.coding.RequireThisCheck,0,10,0,0,0,0,12,2,0,0,0,0,0,0,11,1,1,1,0,0,0,0,11,1,1,1,0,0,0,0,12,2,0,0,0,0,0,0,11,1,1,1,0,0,0,0,11,1,1,1
https://github.com/checkstyle/checkstyle/commit/c9c475a6c7a8cb728ba1c091b386db46f11a781f,src.main.java.com.puppycrawl.tools.checkstyle.checks.coding.FinalLocalVariableCheck,0,16,0,0,0,0,19,3,0,0,0,0,0,0,19,3,0,0,0,0,0,0,19,3,0,0,0,0,0,0,19,3,0,0,0,0,0,0,19,3,0,0,0,0,0,0,19,3,0,0
https://github.com/crashub/crash/commit/2801269c7e47bd6e243612654a74cee809d20959,connectors.ssh.src.main.java.org.crsh.auth.FilePublicKeyProvider,0,3,0,0,0,0,5,2,0,0,0,0,0,0,5,2,0,0,0,0,0,0,5,2,0,0,0,0,0,0,5,2,0,0,0,0,0,0,4,1,1,1,0,0,0,0,5,2,0,0
https://github.com/datastax/java-driver/commit/3a0603f8f778be3219a5a0f3a7845cda65f1e172,driver-core.src.main.java.com.datastax.driver.core.querybuilder.Insert,0,17,0,0,0,0,19,2,0,0,0,0,0,0,19,2,0,0,0,0,0,0,19,2,0,0,0,0,0,0,19,2,0,0,0,0,0,0,18,1,1,1,0,0,0,0,19,2,0,0
https://github.com/deeplearning4j/deeplearning4j/commit/3325f5ccd23f8016fa28a24f878b54f1918546ed,deeplearning4j-scaleout.deeplearning4j-nlp.src.main.java.org.deeplearning4j.models.embeddings.loader.WordVectorSerializer,0,12,0,0,0,0,17,5,0,0,0,0,0,0,17,5,0,0,0,0,0,0,17,5,0,0,0,0,0,0,17,5,0,0,0,0,0,0,16,4,1,1,0,0,0,0,17,5,0,0
https://github.com/deeplearning4j/deeplearning4j/commit/3d080545362794ac5ab63a6cf1bdfb523a0d92a5,dl4j-caffe.src.main.java.org.deeplearning4j.translate.CaffeModelToJavaClass,0,0,0,0,0,0,2,2,0,0,0,0,0,0,1,1,1,1,0,0,0,0,1,1,1,1,0,0,0,0,2,2,0,0,0,0,0,0,2,2,0,0,0,0,0,0,1,1,1,1
https://github.com/deeplearning4j/deeplearning4j/commit/3d080545362794ac5ab63a6cf1bdfb523a0d92a5,dl4j-caffe.src.test.java.org.deeplearning4j.translate.CaffeTest,0,2,0,0,0,0,2,0,0,0,0,0,0,0,2,0,0,0,0,0,0,0,2,0,0,0,0,0,0,0,2,0,0,0,0,0,0,0,2,0,0,0,0,0,0,0,2,0,0,0
https://github.com/deeplearning4j/deeplearning4j/commit/c50064efb325b0c94cc62788b4c8935b7c39ac40,deeplearning4j-core.src.main.java.org.deeplearning4j.optimize.solvers.BaseOptimizer,0,29,0,0,0,0,31,2,0,0,0,0,0,0,31,2,0,0,0,0,0,0,31,2,0,0,0,0,0,0,31,2,0,0,0,0,0,0,31,2,0,0,0,0,0,0,31,2,0,0
https://github.com/deeplearning4j/deeplearning4j/commit/c50064efb325b0c94cc62788b4c8935b7c39ac40,deeplearning4j-core.src.test.java.org.deeplearning4j.optimize.solver.TestOptimizers,0,57,0,0,0,0,59,2,0,0,0,0,0,0,59,2,0,0,0,0,0,0,59,2,0,0,0,0,0,0,59,2,0,0,0,0,0,0,58,1,1,1,0,0,0,0,59,2,0,0
https://github.com/deeplearning4j/deeplearning4j/commit/d4992887291cc0a7eeda87ad547fa9e1e7fda41c,deeplearning4j-core.src.main.java.org.deeplearning4j.nn.layers.OutputLayer,0,26,0,0,0,0,29,3,0,0,0,0,0,0,28,2,1,1,0,0,0,0,28,2,1,1,0,0,0,0,29,3,0,0,0,0,0,0,28,2,1,1,0,0,0,0,28,2,1,1
https://github.com/deeplearning4j/deeplearning4j/commit/d4992887291cc0a7eeda87ad547fa9e1e7fda41c,deeplearning4j-core.src.main.java.org.deeplearning4j.nn.multilayer.MultiLayerNetwork,0,105,0,0,0,0,107,2,0,0,0,0,0,0,107,2,0,0,0,0,0,0,107,2,0,0,0,0,0,0,107,2,0,0,0,0,0,0,107,2,0,0,0,0,0,0,107,2,0,0
https://github.com/dreamhead/moco/commit/55ffa2f3353c5dc77fe6b790e5e045b76a07a772,moco-core.src.main.java.com.github.dreamhead.moco.internal.ActualHttpServer,0,14,0,0,0,0,17,3,0,0,0,0,0,0,15,1,0,2,0,0,0,0,15,1,0,2,0,0,0,0,15,1,0,2,0,0,0,0,15,1,0,2,0,0,0,0,15,1,0,2
https://github.com/dreamhead/moco/commit/55ffa2f3353c5dc77fe6b790e5e045b76a07a772,moco-core.src.main.java.com.github.dreamhead.moco.internal.HttpConfiguration,0,9,0,0,0,0,12,3,0,0,0,0,0,0,10,1,0,2,0,0,0,0,10,1,0,2,0,0,0,0,10,1,0,2,0,0,0,0,10,1,0,2,0,0,0,0,10,1,0,2
https://github.com/dropwizard/metrics/commit/4c6ab3d77cc67c7a91155d884077520dcf1509c6,metrics-graphite.src.main.java.com.codahale.metrics.graphite.GraphiteReporter,0,30,0,0,0,0,32,2,0,0,0,0,0,0,32,2,0,0,0,0,0,0,32,2,0,0,0,0,0,0,32,2,0,0,0,0,0,0,31,1,1,1,0,0,0,0,32,2,0,0
https://github.com/dropwizard/metrics/commit/4c6ab3d77cc67c7a91155d884077520dcf1509c6,metrics-graphite.src.test.java.com.codahale.metrics.graphite.GraphiteReporterTest,0,22,0,0,0,0,23,1,0,0,0,0,0,0,23,1,0,0,0,0,0,0,23,1,0,0,0,0,0,0,23,1,0,0,0,0,0,0,23,1,0,0,0,0,0,0,23,1,0,0
https://github.com/eclipse/jetty.project/commit/837d1a74bb7d694220644a2539c4440ce55462cf,jetty-proxy.src.main.java.org.eclipse.jetty.proxy.AbstractProxyServlet,0,45,0,0,0,0,48,3,0,0,0,0,0,0,48,3,0,0,0,0,0,0,48,3,0,0,0,0,0,0,48,3,0,0,0,0,0,0,48,3,0,0,0,0,0,0,48,3,0,0
https://github.com/eclipse/jetty.project/commit/837d1a74bb7d694220644a2539c4440ce55462cf,jetty-proxy.src.test.java.org.eclipse.jetty.proxy.ProxyServletTest,0,79,0,0,0,0,82,3,0,0,0,0,0,0,80,1,2,2,0,0,0,0,80,1,2,2,0,0,0,0,81,2,1,1,0,0,0,0,80,1,2,2,0,0,0,0,80,1,2,2
https://github.com/fabric8io/fabric8/commit/8127b21a220ca677c4e59961d019e7753da7ea6e,fabric8-maven-plugin.src.main.java.io.fabric8.maven.JsonMojo,0,105,0,0,0,0,108,3,0,0,0,0,0,0,107,2,1,1,0,0,0,0,107,2,1,1,0,0,0,0,108,3,0,0,0,0,0,0,107,2,1,1,0,0,0,0,107,2,1,1
https://github.com/fabric8io/fabric8/commit/9e61a71540da58c3208fd2c7737f793c3f81e5ae,fabric8-maven-plugin.src.main.java.io.fabric8.maven.CreateBuildConfigMojo,0,9,0,0,0,0,12,3,0,0,0,0,0,0,12,3,0,0,0,0,0,0,12,3,0,0,0,0,0,0,12,3,0,0,0,0,0,0,10,1,2,2,0,0,0,0,12,3,0,0
https://github.com/fabric8io/fabric8/commit/9e61a71540da58c3208fd2c7737f793c3f81e5ae,fabric8-maven-plugin.src.main.java.io.fabric8.maven.CreateGogsWebhook,0,5,0,0,0,0,7,2,0,0,0,0,0,0,6,1,1,1,0,0,0,0,6,1,1,1,0,0,0,0,7,2,0,0,0,0,0,0,6,1,1,1,0,0,0,0,6,1,1,1
https://github.com/fabric8io/fabric8/commit/e068eb7f484f24dee285d29b8a910d9019592020,fabric8-maven-plugin.src.main.java.io.fabric8.maven.JsonMojo,0,108,0,0,0,0,110,2,0,0,0,0,0,0,109,1,1,1,0,0,0,0,109,1,1,1,0,0,0,0,110,2,0,0,0,0,0,0,109,1,1,1,0,0,0,0,109,1,1,1
https://github.com/facebook/buck/commit/6c93f15f502f39dff99ecb01b56dcad7dddb0f0d,src.com.facebook.buck.android.aapt.AaptResourceCollector,0,10,0,0,0,0,13,3,0,0,0,0,0,0,13,3,0,0,0,0,0,0,13,3,0,0,0,0,0,0,13,3,0,0,0,0,0,0,13,3,0,0,0,0,0,0,12,2,1,1
https://github.com/facebook/buck/commit/6c93f15f502f39dff99ecb01b56dcad7dddb0f0d,test.com.facebook.buck.android.aapt.MiniAaptTest,0,12,0,0,0,0,14,2,0,0,0,0,0,0,14,2,0,0,0,0,0,0,14,2,0,0,0,0,0,0,14,2,0,0,0,0,0,0,14,2,0,0,0,0,0,0,14,2,0,0
https://github.com/facebook/buck/commit/7e104c3ed4b80ec8e9b72356396f879d1067cc40,src.com.facebook.buck.maven.Resolver,0,30,0,0,0,0,33,3,0,0,0,0,0,0,32,2,0,1,0,0,0,0,32,2,1,1,0,0,0,0,33,3,0,0,0,0,0,0,32,2,1,1,0,0,0,0,32,2,0,1
https://github.com/facebook/buck/commit/7e104c3ed4b80ec8e9b72356396f879d1067cc40,test.com.facebook.buck.maven.ResolverIntegrationTest,0,12,0,0,0,0,18,6,0,0,0,0,0,0,18,6,0,0,0,0,0,0,18,6,0,0,0,0,0,0,18,6,0,0,0,0,0,0,18,6,0,0,0,0,0,0,18,6,0,0
https://github.com/facebook/buck/commit/84b7b3974ae8171a4de2f804eb94fcd1d6cd6647,src.com.facebook.buck.java.ReportGenerator,0,16,0,0,0,0,16,0,0,0,0,0,0,0,16,0,0,0,0,0,0,0,16,0,0,0,0,0,0,0,16,0,0,0,0,0,0,0,16,0,0,0,0,0,0,0,16,0,0,0
https://github.com/facebook/buck/commit/84b7b3974ae8171a4de2f804eb94fcd1d6cd6647,test.com.facebook.buck.util.LicenseCheckTest,0,7,0,0,0,0,9,2,0,0,0,0,0,0,9,2,0,0,0,0,0,0,9,2,0,0,0,0,0,0,9,2,0,0,0,0,0,0,9,2,0,0,0,0,0,0,9,2,0,0
https://github.com/facebook/buck/commit/a1525ac9a0bb8f727167a8be94c81a3415128ef4,src.com.facebook.buck.cxx.DebugPathSanitizer,0,16,0,0,0,0,19,3,0,0,0,0,0,0,18,2,1,1,0,0,0,0,18,2,1,1,0,0,0,0,19,3,0,0,0,0,0,0,18,2,1,1,0,0,0,0,18,2,1,1
https://github.com/facebook/buck/commit/ecd0ad5ab99b8d14f28881cf4f49ec01f2221776,src.com.facebook.buck.cxx.CxxSourceRuleFactory,0,44,0,0,0,0,47,3,0,0,0,0,0,0,47,3,0,0,0,0,0,0,47,3,0,0,0,0,0,0,47,3,0,0,0,0,0,0,47,3,0,0,0,0,0,0,47,3,0,0
https://github.com/facebook/buck/commit/f26d234e8d3458f34454583c22e3bd5f4b2a5da8,src.com.facebook.buck.android.AdbHelper,0,56,0,0,0,0,58,2,0,0,0,0,0,0,58,2,0,0,0,0,0,0,58,2,0,0,0,0,0,0,58,2,0,0,0,0,0,0,58,2,0,0,0,0,0,0,58,2,0,0
https://github.com/geoserver/geoserver/commit/07c26a3a1dd6fcc2494c2d755ee5a2753e0df87c,src.wfs.src.test.java.org.geoserver.wfs.xml.PropertyRule,0,10,0,0,0,0,11,1,0,0,0,0,0,0,11,1,0,0,0,0,0,0,11,1,0,0,0,0,0,0,11,1,0,0,0,0,0,0,11,1,0,0,0,0,0,0,11,1,0,0
https://github.com/geoserver/geoserver/commit/07c26a3a1dd6fcc2494c2d755ee5a2753e0df87c,src.wfs.src.test.java.org.geoserver.wfs.xml.WFSURIHandlerTest,0,16,0,0,0,0,16,0,0,0,0,0,0,0,16,0,0,0,0,0,0,0,16,0,0,0,0,0,0,0,16,0,0,0,0,0,0,0,16,0,0,0,0,0,0,0,16,0,0,0
https://github.com/glyptodon/guacamole-client/commit/ce1f3d07976de31aed8f8189ec5e1a6453f4b580,extensions.guacamole-auth-jdbc.modules.guacamole-auth-jdbc-base.src.main.java.org.glyptodon.guacamole.auth.jdbc.user.UserContextService,0,2,0,0,0,0,10,8,0,0,0,0,0,0,4,2,0,6,0,0,0,0,4,2,0,6,0,0,0,0,4,2,0,6,0,0,0,0,4,2,0,6,0,0,0,0,4,2,0,6
https://github.com/glyptodon/guacamole-client/commit/ce1f3d07976de31aed8f8189ec5e1a6453f4b580,extensions.guacamole-auth-jdbc.modules.guacamole-auth-jdbc-base.src.main.java.org.glyptodon.guacamole.auth.jdbc.user.UserService,0,15,0,0,0,0,23,8,0,0,0,0,0,0,17,2,0,6,0,0,0,0,17,2,0,6,0,0,0,0,17,2,0,6,0,0,0,0,17,2,0,6,0,0,0,0,17,2,0,6
https://github.com/go-lang-plugin-org/go-lang-idea-plugin/commit/0b93231025f51c7ec62fd8588985c5dc807854e4,src.com.goide.actions.fmt.GoExternalToolsAction,0,5,0,0,0,0,7,2,0,0,0,0,0,0,6,1,1,1,0,0,0,0,6,1,1,1,0,0,0,0,7,2,0,0,0,0,0,0,6,1,1,1,0,0,0,0,6,1,1,1
https://github.com/go-lang-plugin-org/go-lang-idea-plugin/commit/0b93231025f51c7ec62fd8588985c5dc807854e4,src.com.goide.actions.fmt.GoFmtCheckinFactory,0,8,0,0,0,0,11,3,0,0,0,0,0,0,11,3,0,0,0,0,0,0,11,3,0,0,0,0,0,0,11,3,0,0,0,0,0,0,11,3,0,0,0,0,0,0,11,3,0,0
https://github.com/google/auto/commit/8fc60d81fe0e46e7e5c96e71d4a93fcadc6bde4f,common.src.main.java.com.google.auto.common.BasicAnnotationProcessor,0,21,0,0,0,0,23,2,0,0,0,0,0,0,22,1,1,1,0,0,0,0,22,1,1,1,0,0,0,0,23,2,0,0,0,0,0,0,22,1,1,1,0,0,0,0,22,1,1,1
https://github.com/google/closure-compiler/commit/5a853a60f93e09c446d458673bc7a2f6bb26742c,src.com.google.javascript.jscomp.JsdocToEs6TypedConverter,0,4,0,0,0,0,11,7,0,0,0,0,0,0,6,2,0,5,0,0,0,0,6,2,0,5,0,0,0,0,6,2,0,5,0,0,0,0,5,1,1,6,0,0,0,0,6,2,0,5
https://github.com/google/closure-compiler/commit/5a853a60f93e09c446d458673bc7a2f6bb26742c,test.com.google.javascript.jscomp.JsdocToEs6TypedConverterTest,0,12,0,0,0,0,29,17,0,0,0,0,0,0,13,1,0,16,0,0,0,0,13,1,0,16,0,0,0,0,13,1,0,16,0,0,0,0,13,1,0,16,0,0,0,0,13,1,0,16
https://github.com/google/guava/commit/5bab9e837cf273250aa26702204f139fdcfd9e7a,guava-tests.test.com.google.common.collect.HashBiMapTest,0,7,0,0,0,0,9,2,0,0,0,0,0,0,9,2,0,0,0,0,0,0,9,2,0,0,0,0,0,0,9,2,0,0,0,0,0,0,9,2,0,0,0,0,0,0,9,2,0,0
https://github.com/google/guava/commit/5bab9e837cf273250aa26702204f139fdcfd9e7a,guava.src.com.google.common.collect.HashBiMap,0,64,0,0,0,0,94,30,0,0,0,0,0,0,93,29,1,1,0,0,0,0,93,29,1,1,0,0,0,0,94,30,0,0,0,0,0,0,94,30,0,0,0,0,0,0,93,29,1,1
https://github.com/google/truth/commit/1768840bf1e69892fd2a23776817f620edfed536,core.src.test.java.com.google.common.truth.IterableTest,0,12,0,0,0,0,108,96,0,0,0,0,0,0,68,56,14,40,0,0,0,0,71,59,14,37,0,0,0,0,88,76,1,20,0,0,0,0,64,52,19,44,0,0,0,0,42,30,0,66
https://github.com/google/truth/commit/200f1577d238a6d3fbcf99cb2a2585b2071214a6,core.src.main.java.com.google.common.truth.IterableSubject,0,36,0,0,0,0,39,3,0,0,0,0,0,0,37,1,2,2,0,0,0,0,37,1,2,2,0,0,0,0,39,3,0,0,0,0,0,0,39,3,0,0,0,0,0,0,37,1,2,2
https://github.com/google/truth/commit/200f1577d238a6d3fbcf99cb2a2585b2071214a6,core.src.test.java.com.google.common.truth.ListTest,0,14,0,0,0,0,21,7,0,0,0,0,0,0,21,7,0,0,0,0,0,0,21,7,0,0,0,0,0,0,21,7,0,0,0,0,0,0,21,7,0,0,0,0,0,0,21,7,0,0
https://github.com/gradle/gradle/commit/3a7ccf5a252077332b9505acb22f190745f726f7,subprojects.platform-play.src.main.java.org.gradle.play.plugins.PlayApplicationPlugin,0,38,0,0,0,0,43,5,0,0,0,0,0,0,42,4,0,1,0,0,0,0,42,4,0,1,0,0,0,0,42,4,0,1,0,0,0,0,40,2,1,3,0,0,0,0,42,4,0,1
https://github.com/gradle/gradle/commit/3a7ccf5a252077332b9505acb22f190745f726f7,subprojects.platform-play.src.main.java.org.gradle.play.tasks.PlayRun,0,22,0,0,0,0,25,3,0,0,0,0,0,0,24,2,0,1,0,0,0,0,24,2,0,1,0,0,0,0,24,2,2,1,0,0,0,0,24,2,1,1,0,0,0,0,24,2,0,1
https://github.com/gradle/gradle/commit/681dc6346ce3cf5be5c5985faad120a18949cee0,subprojects.platform-native.src.main.groovy.org.gradle.nativeplatform.toolchain.internal.gcc.AbstractGccCompatibleToolChain,0,36,0,0,0,0,38,2,0,0,0,0,0,0,37,1,1,1,0,0,0,0,37,1,1,1,0,0,0,0,38,2,0,0,0,0,0,0,37,1,1,1,0,0,0,0,37,1,1,1
https://github.com/gradle/gradle/commit/b1fb1192daa1647b0bd525600dd41063765eca70,subprojects.test-kit-functional.src.main.java.org.gradle.testkit.functional.GradleRunner,0,3,0,0,0,0,17,14,0,0,0,0,0,0,13,10,0,4,0,0,0,0,13,10,0,4,0,0,0,0,13,10,0,4,0,0,0,0,11,8,1,6,0,0,0,0,13,10,0,4
https://github.com/gradle/gradle/commit/b1fb1192daa1647b0bd525600dd41063765eca70,subprojects.test-kit-functional.src.main.java.org.gradle.testkit.functional.internal.DefaultGradleRunner,0,9,0,0,0,0,22,13,0,0,0,0,0,0,10,1,0,12,0,0,0,0,10,1,0,12,0,0,0,0,10,1,0,12,0,0,0,0,10,1,0,12,0,0,0,0,10,1,0,12
https://github.com/gradle/gradle/commit/f394599bf1423be0be2d5822ed7f1271d2841225,subprojects.platform-jvm.src.main.java.org.gradle.jvm.plugins.JarBinaryRules,0,3,0,0,0,0,3,0,0,0,0,0,0,0,3,0,0,0,0,0,0,0,3,0,0,0,0,0,0,0,3,0,0,0,0,0,0,0,3,0,0,0,0,0,0,0,3,0,0,0
https://github.com/greenrobot/greenDAO/commit/d6d9dd4365387816fda6987a4ad9b679c27e72a3,DaoCore.src.de.greenrobot.dao.PropertyConverter,0,3,0,0,0,0,3,0,0,0,0,0,0,0,3,0,0,0,0,0,0,0,3,0,0,0,0,0,0,0,3,0,0,0,0,0,0,0,3,0,0,0,0,0,0,0,3,0,0,0
https://github.com/greenrobot/greenDAO/commit/d6d9dd4365387816fda6987a4ad9b679c27e72a3,DaoTest.src.de.greenrobot.daotest.customtype.MyTimestampConverter,0,3,0,0,0,0,3,0,0,0,0,0,0,0,3,0,0,0,0,0,0,0,3,0,0,0,0,0,0,0,3,0,0,0,0,0,0,0,3,0,0,0,0,0,0,0,3,0,0,0
https://github.com/gwtproject/gwt/commit/e0dda9f61b7c409944c4734edf75b108e0288f59,user.super.com.google.gwt.emul.java.security.MessageDigest,0,13,0,0,0,0,40,27,0,0,0,0,0,0,14,1,0,26,0,0,0,0,13,0,0,27,0,0,0,0,14,1,0,26,0,0,0,0,14,1,0,26,0,0,0,0,14,1,0,26
https://github.com/hibernate/hibernate-orm/commit/0b6ea757e34a63b1421b77ed5fbb61398377aab1,hibernate-entitymanager.src.test.java.org.hibernate.jpa.test.callbacks.CallbacksTest,0,9,0,0,0,0,13,4,0,0,0,0,0,0,11,2,0,2,0,0,0,0,11,2,0,2,0,0,0,0,11,2,0,2,0,0,0,0,11,2,0,2,0,0,0,0,11,2,0,2
https://github.com/hibernate/hibernate-orm/commit/0b6ea757e34a63b1421b77ed5fbb61398377aab1,hibernate-entitymanager.src.test.java.org.hibernate.jpa.test.callbacks.EntityWithLazyProperty,0,15,0,0,0,0,15,0,0,0,0,0,0,0,15,0,0,0,0,0,0,0,15,0,0,0,0,0,0,0,15,0,0,0,0,0,0,0,15,0,0,0,0,0,0,0,15,0,0,0
https://github.com/hibernate/hibernate-orm/commit/2b89553db5081fe4e55b7b34d636d0ea2acf71c5,hibernate-core.src.main.java.org.hibernate.boot.model.source.internal.annotations.AnnotationMetadataSourceProcessorImpl,0,32,0,0,0,0,34,2,0,0,0,0,0,0,34,2,0,0,0,0,0,0,34,2,0,0,0,0,0,0,34,2,0,0,0,0,0,0,33,1,1,1,0,0,0,0,34,2,0,0
https://github.com/hibernate/hibernate-orm/commit/2b89553db5081fe4e55b7b34d636d0ea2acf71c5,hibernate-core.src.test.java.org.hibernate.test.annotations.entitynonentity.EntityNonEntityTest,0,1,0,0,0,0,3,2,0,0,0,0,0,0,3,2,0,0,0,0,0,0,3,2,0,0,0,0,0,0,3,2,0,0,0,0,0,0,3,2,0,0,0,0,0,0,3,2,0,0
https://github.com/hierynomus/sshj/commit/7c26ac669a4e17ca1d2319a5049a56424fd33104,src.itest.java.nl.javadude.sshj.connection.channel.ChannelCloseEofTest,0,3,0,0,0,0,5,2,0,0,0,0,0,0,5,2,0,0,0,0,0,0,5,2,0,0,0,0,0,0,5,2,0,0,0,0,0,0,5,2,0,0,0,0,0,0,5,2,0,0
https://github.com/iNPUTmice/Conversations/commit/e6cb12dfe414497b4317820497985c110cb81864,src.main.java.eu.siacs.conversations.ui.adapter.MessageAdapter,0,44,0,0,0,0,49,5,0,0,0,0,0,0,48,4,0,1,0,0,0,0,48,4,1,1,0,0,0,0,49,5,0,0,0,0,0,0,48,4,1,1,0,0,0,0,48,4,0,1
https://github.com/infinispan/infinispan/commit/03573a655bcbb77f7a76d8e22d851cc22796b4f8,core.src.main.java.org.infinispan.notifications.cachelistener.CacheNotifierImpl,0,140,0,0,0,0,144,4,0,0,0,0,0,0,144,4,0,0,0,0,0,0,144,4,0,0,0,0,0,0,144,4,0,0,0,0,0,0,144,4,0,0,0,0,0,0,144,4,0,0
https://github.com/infinispan/infinispan/commit/03573a655bcbb77f7a76d8e22d851cc22796b4f8,core.src.test.java.org.infinispan.statetransfer.DataRehashedEventTest,0,8,0,0,0,0,11,3,0,0,0,0,0,0,10,2,0,1,0,0,0,0,11,3,0,0,0,0,0,0,11,3,0,0,0,0,0,0,9,1,1,2,0,0,0,0,11,3,0,0
https://github.com/jOOQ/jOOQ/commit/227254cf769f3e821ed1b2ef2d88c4ec6b20adea,jOOQ.src.main.java.org.jooq.Result,0,205,0,0,0,0,209,4,0,0,0,0,0,0,206,1,3,3,0,0,0,0,206,1,3,3,0,0,0,0,209,4,0,0,0,0,0,0,206,1,3,3,0,0,0,0,206,1,3,3
https://github.com/jOOQ/jOOQ/commit/227254cf769f3e821ed1b2ef2d88c4ec6b20adea,jOOQ.src.main.java.org.jooq.impl.ResultImpl,0,256,0,0,0,0,266,10,0,0,0,0,0,0,257,1,6,9,0,0,0,0,258,2,7,8,0,0,0,0,266,10,0,0,0,0,0,0,257,1,9,9,0,0,0,0,259,3,7,7
https://github.com/jOOQ/jOOQ/commit/58a4e74d28073e7c6f15d1f225ac1c2fd9aa4357,jOOQ.src.main.java.org.jooq.tools.Convert,0,21,0,0,0,0,26,5,0,0,0,0,0,0,26,5,0,0,0,0,0,0,26,5,0,0,0,0,0,0,26,5,0,0,0,0,0,0,25,4,1,1,0,0,0,0,26,5,0,0
https://github.com/jOOQ/jOOQ/commit/58a4e74d28073e7c6f15d1f225ac1c2fd9aa4357,jOOQ.src.test.java.org.jooq.test.ConvertAllTest,0,19,0,0,0,0,21,2,0,0,0,0,0,0,21,2,0,0,0,0,0,0,21,2,0,0,0,0,0,0,21,2,0,0,0,0,0,0,21,2,0,0,0,0,0,0,21,2,0,0
https://github.com/jayway/rest-assured/commit/7cac88b9a28efc05bdc60e585e3291862ffc9da1,examples.rest-assured-itest-java.src.test.java.com.jayway.restassured.itest.java.SSLITest,0,22,0,0,0,0,25,3,0,0,0,0,0,0,23,1,0,2,0,0,0,0,23,1,0,2,0,0,0,0,23,1,0,2,0,0,0,0,23,1,0,2,0,0,0,0,23,1,0,2
https://github.com/jayway/rest-assured/commit/7cac88b9a28efc05bdc60e585e3291862ffc9da1,examples.rest-assured-itest-java.src.test.java.com.jayway.restassured.itest.java.SpecificationBuilderITest,0,28,0,0,0,0,31,3,0,0,0,0,0,0,29,1,0,2,0,0,0,0,29,1,0,2,0,0,0,0,29,1,0,2,0,0,0,0,29,1,0,2,0,0,0,0,29,1,0,2
https://github.com/jboss-developer/jboss-eap-quickstarts/commit/983e0e0e22ab5bd2c6ea44235518057ea45dcca9,helloworld-html5.src.main.java.org.jboss.as.quickstarts.poh5helloworld.HelloService,0,2,0,0,0,0,2,0,0,0,0,0,0,0,2,0,0,0,0,0,0,0,2,0,0,0,0,0,0,0,2,0,0,0,0,0,0,0,2,0,0,0,0,0,0,0,2,0,0,0
https://github.com/jboss-developer/jboss-eap-quickstarts/commit/983e0e0e22ab5bd2c6ea44235518057ea45dcca9,helloworld-html5.src.main.java.org.jboss.as.quickstarts.poh5helloworld.HelloWorld,0,4,0,0,0,0,4,0,0,0,0,0,0,0,4,0,0,0,0,0,0,0,4,0,0,0,0,0,0,0,4,0,0,0,0,0,0,0,4,0,0,0,0,0,0,0,4,0,0,0
https://github.com/jline/jline2/commit/80d3ffb5aafa90992385c17e8338c2cc5def3cec,src.main.java.jline.console.ConsoleReader,0,201,0,0,0,0,204,3,0,0,0,0,0,0,202,1,1,2,0,0,0,0,202,1,2,2,0,0,0,0,204,3,0,0,0,0,0,0,202,1,2,2,0,0,0,0,202,1,2,2
https://github.com/junit-team/junit5/commit/6b575f2ee5f02288a774ff0a85ce3a3e3cb6946f,junit5-engine.src.main.java.org.junit.gen5.engine.junit5.descriptor.ClassTestDescriptor,0,20,0,0,0,0,31,11,0,0,0,0,0,0,28,8,0,3,0,0,0,0,26,6,0,5,0,0,0,0,28,8,0,3,0,0,0,0,28,8,0,3,0,0,0,0,28,8,0,3
https://github.com/k9mail/k-9/commit/9d44f0e06232661259681d64002dd53c7c43099d,k9mail-library.src.main.java.com.fsck.k9.mail.transport.SmtpTransport,0,34,0,0,0,0,38,4,0,0,0,0,0,0,38,4,0,0,0,0,0,0,38,4,0,0,0,0,0,0,38,4,0,0,0,0,0,0,37,3,1,1,0,0,0,0,38,4,0,0
https://github.com/k9mail/k-9/commit/9d44f0e06232661259681d64002dd53c7c43099d,k9mail.src.main.java.com.fsck.k9.controller.MessagingController,0,288,0,0,0,0,290,2,0,0,0,0,0,0,290,2,0,0,0,0,0,0,290,2,0,0,0,0,0,0,290,2,0,0,0,0,0,0,289,1,1,1,0,0,0,0,290,2,0,0
https://github.com/kiegroup/drools/commit/7ffc62aa554f5884064b81ee80078e35e3833006,drools-persistence-jpa.src.main.java.org.drools.persistence.SingleSessionCommandService,0,40,0,0,0,0,44,4,0,0,0,0,0,0,43,3,1,1,0,0,0,0,43,3,1,1,0,0,0,0,44,4,0,0,0,0,0,0,43,3,1,1,0,0,0,0,43,3,1,1
https://github.com/kiegroup/drools/commit/7ffc62aa554f5884064b81ee80078e35e3833006,drools-persistence-jpa.src.test.java.org.drools.persistence.session.JpaPersistentStatefulSessionTest,0,18,0,0,0,0,19,1,0,0,0,0,0,0,19,1,0,0,0,0,0,0,19,1,0,0,0,0,0,0,19,1,0,0,0,0,0,0,19,1,0,0,0,0,0,0,19,1,0,0
https://github.com/kiegroup/jbpm/commit/83cfa21578e63956bca0715eefee2860c3b6d39a,jbpm-human-task.jbpm-human-task-workitems.src.test.java.org.jbpm.services.task.wih.HTWorkItemHandlerBaseTest,0,51,0,0,0,0,53,2,0,0,0,0,0,0,53,2,0,0,0,0,0,0,53,2,0,0,0,0,0,0,53,2,0,0,0,0,0,0,52,1,1,1,0,0,0,0,53,2,0,0
https://github.com/koush/AndroidAsync/commit/1bc7905b07821f840068089343e6b77a8686d1ab,AndroidAsync.src.com.koushikdutta.async.http.AsyncHttpResponseImpl,0,43,0,0,0,0,45,2,0,0,0,0,0,0,44,1,1,1,0,0,0,0,45,2,0,0,0,0,0,0,45,2,0,0,0,0,0,0,44,1,1,1,0,0,0,0,44,1,1,1
https://github.com/koush/AndroidAsync/commit/1bc7905b07821f840068089343e6b77a8686d1ab,AndroidAsync.src.com.koushikdutta.async.http.cache.ResponseCacheMiddleware,0,98,0,0,0,0,107,9,0,1,0,0,0,0,108,10,0,0,0,0,0,0,108,10,0,0,0,0,0,0,107,9,0,1,0,0,0,0,108,10,0,0,0,0,0,0,108,10,0,0
https://github.com/kuujo/copycat/commit/19a49f8f36b2f6d82534dc13504d672e41a3a8d1,raft.src.main.java.net.kuujo.copycat.raft.state.ActiveState,0,10,0,0,0,0,18,8,0,0,0,0,0,0,12,2,0,6,0,0,0,0,12,2,0,6,0,0,0,0,11,1,0,7,0,0,0,0,12,2,0,6,0,0,0,0,12,2,0,6
https://github.com/kuujo/copycat/commit/19a49f8f36b2f6d82534dc13504d672e41a3a8d1,raft.src.main.java.net.kuujo.copycat.raft.state.PassiveState,0,11,0,0,0,0,19,8,0,0,0,0,0,0,12,1,0,7,0,0,0,0,13,2,0,6,0,0,0,0,13,2,0,6,0,0,0,0,12,1,1,7,0,0,0,0,12,1,0,7
https://github.com/languagetool-org/languagetool/commit/01cddc5afb590b4d36cb784637a8ea8aa31d3561,languagetool-gui-commons.src.main.java.org.languagetool.gui.ConfigurationDialog,0,41,0,0,0,0,43,2,0,0,0,0,0,0,42,1,0,1,0,0,0,0,43,2,0,0,0,0,0,0,43,2,0,0,0,0,0,0,42,1,1,1,0,0,0,0,43,2,0,0
https://github.com/lealone/Lealone/commit/7a2e0ae5f6172cbe34f9bc4a5cde666314ff75dd,lealone-sql.src.main.java.org.lealone.command.ddl.AlterUser,0,15,0,0,0,0,18,3,0,0,0,0,0,0,18,3,0,0,0,0,0,0,18,3,0,0,0,0,0,0,18,3,0,0,0,0,0,0,18,3,0,0,0,0,0,0,17,2,0,1
https://github.com/lealone/Lealone/commit/7a2e0ae5f6172cbe34f9bc4a5cde666314ff75dd,lealone-sql.src.main.java.org.lealone.command.ddl.CreateUser,0,15,0,0,0,0,19,4,0,0,0,0,0,0,19,4,0,0,0,0,0,0,19,4,0,0,0,0,0,0,19,4,0,0,0,0,0,0,18,3,2,1,0,0,0,0,19,4,1,0
https://github.com/libgdx/libgdx/commit/2bd1557bc293cb8c2348374771aad832befbe26f,gdx.src.com.badlogic.gdx.scenes.scene2d.ui.CheckBox,0,16,0,0,0,0,18,2,0,0,0,0,0,0,18,2,0,0,0,0,0,0,18,2,0,0,0,0,0,0,18,2,0,0,0,0,0,0,17,1,1,1,0,0,0,0,17,1,1,1
https://github.com/libgdx/libgdx/commit/2bd1557bc293cb8c2348374771aad832befbe26f,tests.gdx-tests.src.com.badlogic.gdx.tests.Scene2dTest,0,14,0,0,0,0,16,2,0,0,0,0,0,0,16,2,0,0,0,0,0,0,16,2,0,0,0,0,0,0,16,2,0,0,0,0,0,0,16,2,0,0,0,0,0,0,16,2,0,0
https://github.com/liferay/liferay-plugins/commit/720b0d2064ecc4403809e794075e9fe8cfa857f1,portlets.calendar-portlet.docroot.WEB-INF.src.com.liferay.calendar.portlet.CalendarPortlet,0,36,0,0,0,0,38,2,0,0,0,0,0,0,38,2,0,0,0,0,0,0,38,2,0,0,0,0,0,0,38,2,0,0,0,0,0,0,38,2,0,0,0,0,0,0,38,2,0,0
https://github.com/liferay/liferay-plugins/commit/720b0d2064ecc4403809e794075e9fe8cfa857f1,portlets.calendar-portlet.docroot.WEB-INF.src.com.liferay.calendar.service.impl.CalendarBookingLocalServiceImpl,0,40,0,0,0,0,44,4,0,0,0,0,0,0,43,3,1,1,0,0,0,0,43,3,1,1,0,0,0,0,44,4,0,0,0,0,0,0,43,3,1,1,0,0,0,0,43,3,1,1
https://github.com/liferay/liferay-plugins/commit/7c7ecf4cffda166938efd0ae34830e2979c25c73,webs.sync-web.docroot.WEB-INF.src.com.liferay.sync.hook.listeners.ResourcePermissionModelListener,0,0,0,0,0,0,2,2,0,0,0,0,0,0,2,2,0,0,0,0,0,0,2,2,0,0,0,0,0,0,2,2,0,0,0,0,0,0,1,1,1,1,0,0,0,0,2,2,0,0
https://github.com/liferay/liferay-plugins/commit/7c7ecf4cffda166938efd0ae34830e2979c25c73,webs.sync-web.docroot.WEB-INF.src.com.liferay.sync.service.impl.SyncDLObjectLocalServiceImpl,0,6,0,0,0,0,7,1,0,0,0,0,0,0,7,1,0,0,0,0,0,0,7,1,0,0,0,0,0,0,7,1,0,0,0,0,0,0,7,1,0,0,0,0,0,0,7,1,0,0
https://github.com/liferay/liferay-plugins/commit/d99695841fa675ea9150602b1132f037093e867d,portlets.marketplace-portlet.docroot.WEB-INF.src.com.liferay.marketplace.store.portlet.RemoteMVCPortlet,0,2,0,0,0,0,5,3,0,0,0,0,0,0,4,2,1,1,0,0,0,0,4,2,1,1,0,0,0,0,5,3,0,0,0,0,0,0,4,2,1,1,0,0,0,0,4,2,1,1
https://github.com/liferay/liferay-portal/commit/59fd9e696cec5f2ed44c27422bbc426b11647321,modules.sdk.gradle-plugins-poshi-runner.src.com.liferay.gradle.plugins.poshi.runner.PoshiRunnerPlugin,0,22,0,0,0,0,27,5,0,0,0,0,0,0,27,5,0,0,0,0,0,0,27,5,0,0,0,0,0,0,27,5,0,0,0,0,0,0,27,5,0,0,0,0,0,0,27,5,0,0
https://github.com/liferay/liferay-portal/commit/59fd9e696cec5f2ed44c27422bbc426b11647321,modules.sdk.gradle-util.src.com.liferay.gradle.util.GradleUtil,0,24,0,0,0,0,26,2,0,0,0,0,0,0,25,1,1,1,0,0,0,0,25,1,1,1,0,0,0,0,26,2,0,0,0,0,0,0,25,1,1,1,0,0,0,0,25,1,1,1
https://github.com/linkedin/rest.li/commit/bd0d3bf75d31a8b5db34b8b66dfb28e5e1f492de,generator.src.main.java.com.linkedin.pegasus.generator.JavaCodeGeneratorBase,0,25,0,0,0,0,32,7,0,0,0,0,0,0,27,2,0,5,0,0,0,0,27,2,0,5,0,0,0,0,27,2,0,5,0,0,0,0,27,2,0,5,0,0,0,0,27,2,0,5
https://github.com/linkedin/rest.li/commit/bd0d3bf75d31a8b5db34b8b66dfb28e5e1f492de,generator.src.main.java.com.linkedin.pegasus.generator.JavaDataTemplateGenerator,0,48,0,0,0,0,65,17,0,0,0,0,0,0,59,11,0,6,0,0,0,0,59,11,0,6,0,0,0,0,60,12,0,5,0,0,0,0,56,8,4,9,0,0,0,0,60,12,0,5
https://github.com/mockito/mockito/commit/2d036ecf1d7170b4ec7346579a1ef8904109530a,mockmaker.bytebuddy.main.java.org.mockito.internal.creation.bytebuddy.MockBytecodeGenerator,0,6,0,0,0,0,9,3,0,0,0,0,0,0,9,3,0,0,0,0,0,0,9,3,0,0,0,0,0,0,9,3,0,0,0,0,0,0,8,2,1,1,0,0,0,0,9,3,0,0
https://github.com/mockito/mockito/commit/2d036ecf1d7170b4ec7346579a1ef8904109530a,mockmaker.bytebuddy.main.java.org.mockito.internal.creation.bytebuddy.MockMethodInterceptor,0,20,0,0,0,0,22,2,0,0,0,0,0,0,22,2,0,0,0,0,0,0,22,2,0,0,0,0,0,0,21,1,1,1,0,0,0,0,21,1,1,1,0,0,0,0,22,2,0,0
https://github.com/netty/netty/commit/303cb535239a6f07cbe24a033ef965e2f55758eb,handler.src.main.java.io.netty.handler.ssl.OpenSslEngine,0,127,0,0,0,0,131,4,0,0,0,0,0,0,131,4,0,0,0,0,0,0,131,4,0,0,0,0,0,0,131,4,0,0,0,0,0,0,130,3,1,1,0,0,0,0,131,4,0,0
https://github.com/netty/netty/commit/9d347ffb91f34933edb7b1124f6b70c3fc52e220,codec-http.src.main.java.io.netty.handler.codec.http.HttpObjectDecoder,0,46,0,0,0,0,52,6,0,0,0,0,0,0,51,5,0,1,0,0,0,0,52,6,0,0,0,0,0,0,52,6,0,0,0,0,0,0,52,6,0,0,0,0,0,0,52,6,0,0
https://github.com/netty/netty/commit/9d347ffb91f34933edb7b1124f6b70c3fc52e220,common.src.main.java.io.netty.util.internal.AppendableCharSequence,0,12,0,0,0,0,15,3,0,0,0,0,0,0,14,2,1,1,0,0,0,0,14,2,1,1,0,0,0,0,15,3,0,0,0,0,0,0,15,3,0,0,0,0,0,0,14,2,1,1
https://github.com/nutzam/nutz/commit/6599c748ef35d38085703cf3bd41b9b5b6af5f32,src.org.nutz.dao.Cnd,0,46,0,0,0,0,49,3,0,0,0,0,0,0,48,2,1,1,0,0,0,0,48,2,1,1,0,0,0,0,49,3,0,0,0,0,0,0,47,1,2,2,0,0,0,0,48,2,1,1
https://github.com/nutzam/nutz/commit/6599c748ef35d38085703cf3bd41b9b5b6af5f32,test.org.nutz.dao.texp.CndTest,0,18,0,0,0,0,19,1,0,0,0,0,0,0,19,1,0,0,0,0,0,0,19,1,0,0,0,0,0,0,19,1,0,0,0,0,0,0,19,1,0,0,0,0,0,0,19,1,0,0
https://github.com/nutzam/nutz/commit/de7efe40dad0f4bb900c4fffa80ed377745532b3,src.org.nutz.dao.util.Daos,0,18,0,0,0,0,37,19,0,0,0,0,0,0,36,18,1,1,0,0,0,0,36,18,1,1,0,0,0,0,36,18,0,1,0,0,0,0,36,18,1,1,0,0,0,0,35,17,2,2
https://github.com/openhab/openhab1-addons/commit/cf1efb6d27a4037cdbe5a780afa6053859a60d4a,bundles.core.org.openhab.core.jsr223.src.main.java.org.openhab.core.jsr223.internal.engine.scriptmanager.Script,0,9,0,0,0,0,13,4,0,0,0,0,0,0,12,3,1,1,0,0,0,0,12,3,1,1,0,0,0,0,13,4,0,0,0,0,0,0,12,3,1,1,0,0,0,0,12,3,1,1
https://github.com/openhab/openhab1-addons/commit/cf1efb6d27a4037cdbe5a780afa6053859a60d4a,bundles.core.org.openhab.core.jsr223.src.main.java.org.openhab.core.jsr223.internal.engine.scriptmanager.ScriptManager,0,20,0,0,0,0,22,2,0,0,0,0,0,0,22,2,0,0,0,0,0,0,22,2,0,0,0,0,0,0,22,2,0,0,0,0,0,0,22,2,0,0,0,0,0,0,22,2,0,0
https://github.com/openhab/openhab1-addons/commit/f25fa3ae35e4a60a2b7f79a88f14d46ce6cebf55,bundles.core.org.openhab.core.library.test.src.test.java.org.openhab.core.library.types.DateTimeTypeTest,0,11,0,0,0,0,14,3,0,0,0,0,0,0,14,3,0,0,0,0,0,0,14,3,0,0,0,0,0,0,14,3,0,0,0,0,0,0,13,2,1,1,0,0,0,0,14,3,0,0
https://github.com/opentripplanner/OpenTripPlanner/commit/334dbc7cf3432e7c17b0ed98801e61b0b591b408,src.main.java.org.opentripplanner.analyst.cluster.AnalystWorker,0,25,0,0,0,0,30,5,0,0,0,0,0,0,28,3,0,2,0,0,0,0,28,3,0,2,0,0,0,0,28,3,0,2,0,0,0,0,26,1,1,4,0,0,0,0,28,3,0,2
https://github.com/orientechnologies/orientdb/commit/1089957b645bde069d3864563bbf1f7c7da8045c,core.src.main.java.com.orientechnologies.orient.core.db.tool.ODatabaseImport,0,91,0,0,0,0,93,2,0,0,0,0,0,0,92,1,1,1,0,0,0,0,92,1,1,1,0,0,0,0,93,2,0,0,0,0,0,0,92,1,1,1,0,0,0,0,92,1,1,1
https://github.com/osmandapp/Osmand/commit/c45b9e6615181b7d8f4d7b5b1cc141169081c02c,OsmAnd.src.net.osmand.plus.views.RouteLayer,0,36,0,0,0,0,39,3,0,0,0,0,0,0,39,3,0,0,0,0,0,0,39,3,0,0,0,0,0,0,39,3,0,0,0,0,0,0,38,2,1,1,0,0,0,0,39,3,0,0
https://github.com/phishman3579/java-algorithms-implementation/commit/4ffcb5a65e6d24c58ef75a5cd7692e875619548d,src.com.jwetherell.algorithms.data_structures.timing.DataStructuresTiming,0,65,0,0,0,0,67,2,0,0,0,0,0,0,67,2,0,0,0,0,0,0,67,2,0,0,0,0,0,0,67,2,0,0,0,0,0,0,67,2,0,0,0,0,0,0,67,2,0,0
https://github.com/phishman3579/java-algorithms-implementation/commit/4ffcb5a65e6d24c58ef75a5cd7692e875619548d,src.com.jwetherell.algorithms.sorts.timing.SortsTiming,0,44,0,0,0,0,46,2,0,0,0,0,0,0,46,2,0,0,0,0,0,0,46,2,0,0,0,0,0,0,46,2,0,0,0,0,0,0,46,2,0,0,0,0,0,0,46,2,0,0
https://github.com/phishman3579/java-algorithms-implementation/commit/ab98bcacf6e5bf1c3a06f6bcca68f178f880ffc9,src.com.jwetherell.algorithms.data_structures.timing.DataStructuresTiming,0,19,0,0,0,0,106,87,0,0,0,0,0,0,66,47,0,40,0,0,0,0,68,49,26,38,0,0,0,0,27,8,1,79,0,0,0,0,98,79,3,8,0,0,0,0,64,45,0,42
https://github.com/phishman3579/java-algorithms-implementation/commit/ab98bcacf6e5bf1c3a06f6bcca68f178f880ffc9,src.com.jwetherell.algorithms.sorts.timing.SortsTiming,0,22,0,0,0,0,35,13,0,3,0,0,0,0,23,1,0,15,0,0,0,0,26,4,0,12,0,0,0,0,36,14,0,2,0,0,0,0,35,13,1,3,0,0,0,0,35,13,0,3
https://github.com/phishman3579/java-algorithms-implementation/commit/f2385a56e6aa040ea4ff18a23ce5b63a4eeacf29,src.com.jwetherell.algorithms.sorts.timing.SortsTiming,0,45,0,0,0,0,48,3,0,0,0,0,0,0,48,3,0,0,0,0,0,0,48,3,0,0,0,0,0,0,48,3,0,0,0,0,0,0,48,3,0,0,0,0,0,0,48,3,0,0
https://github.com/pockethub/PocketHub/commit/a7401e5091c06c68fae499ea1972b40143c66fa9,app.src.main.java.com.github.mobile.accounts.LoginActivity,0,22,0,0,0,0,30,8,0,0,0,0,0,0,28,6,1,2,0,0,0,0,29,7,1,1,0,0,0,0,28,6,1,2,0,0,0,0,28,6,2,2,0,0,0,0,28,6,2,2
https://github.com/processing/processing/commit/8707194f003444a9fb8e00bffa2893ef0c2492c6,core.src.processing.opengl.PSurfaceJOGL,0,84,0,0,0,0,90,6,0,0,0,0,0,0,89,5,0,1,0,0,0,0,89,5,0,1,0,0,0,0,90,6,0,0,0,0,0,0,90,6,0,0,0,0,0,0,90,6,0,0
https://github.com/processing/processing/commit/acf67c8cb58d13827e14bbeeec11a66f9277015f,core.src.processing.core.PApplet,0,834,0,0,0,0,836,2,0,0,0,0,0,0,835,1,1,1,0,0,0,0,835,1,1,1,0,0,0,0,836,2,0,0,0,0,0,0,835,1,1,1,0,0,0,0,835,1,1,1
https://github.com/processing/processing/commit/d7f781da42e54824c17875a6036d3448672637f5,core.src.processing.core.PConstants,0,165,0,0,0,0,171,6,0,0,0,0,0,0,166,1,0,5,0,0,0,0,166,1,0,5,0,0,0,0,166,1,0,5,0,0,0,0,166,1,0,5,0,0,0,0,166,1,0,5
https://github.com/processing/processing/commit/d7f781da42e54824c17875a6036d3448672637f5,core.src.processing.core.PGraphics,0,474,0,0,0,0,480,6,0,0,0,0,0,0,475,1,0,5,0,0,0,0,475,1,0,5,0,0,0,0,475,1,0,5,0,0,0,0,475,1,0,5,0,0,0,0,475,1,0,5
https://github.com/processing/processing/commit/f36b736cf1206dd1af794d6fb4cee967a3553b1f,core.src.processing.opengl.PGL,0,637,0,0,0,0,639,2,0,0,0,0,0,0,639,2,0,0,0,0,0,0,639,2,0,0,0,0,0,0,639,2,0,0,0,0,0,0,638,1,1,1,0,0,0,0,639,2,0,0
https://github.com/raphw/byte-buddy/commit/f1dfb66a368760e77094ac1e3860b332cf0e4eb5,byte-buddy-dep.src.main.java.net.bytebuddy.description.method.ParameterList,0,28,0,0,0,0,44,16,0,0,0,0,0,0,41,13,0,3,0,0,0,0,41,13,0,3,0,0,0,0,40,12,0,4,0,0,0,0,40,12,0,4,0,0,0,0,41,13,0,3
https://github.com/raphw/byte-buddy/commit/fd000ca2e78fce2f8aa11e6a81e4f23c2f1348e6,byte-buddy-dep.src.main.java.net.bytebuddy.dynamic.scaffold.subclass.SubclassImplementationTarget,0,12,0,0,0,0,15,3,0,0,0,0,0,0,14,2,1,1,0,0,0,0,14,2,1,1,0,0,0,0,15,3,0,0,0,0,0,0,14,2,1,1,0,0,0,0,14,2,1,1
https://github.com/ratpack/ratpack/commit/da6167af3bdbf7663af6c20fb603aba27dd5e174,ratpack-core.src.main.java.ratpack.server.internal.DefaultResponseTransmitter,0,26,0,0,0,0,31,5,0,0,0,0,0,0,30,4,1,1,0,0,0,0,30,4,1,1,0,0,0,0,31,5,0,0,0,0,0,0,30,4,1,1,0,0,0,0,30,4,1,1
https://github.com/real-logic/Aeron/commit/35893c115ba23bd62a7036a33390420f074ce660,aeron-driver.src.test.java.uk.co.real_logic.aeron.driver.DriverConductorTest,0,44,0,0,0,0,56,12,0,0,0,0,0,0,55,11,1,1,0,0,0,0,56,12,0,0,0,0,0,0,56,12,0,0,0,0,0,0,55,11,1,1,0,0,0,0,53,9,1,3
https://github.com/redsolution/xabber-android/commit/faaf826e901f43d1b46105b18e655eb120f3ffef,app.src.main.java.com.xabber.android.ui.ContactAdd,0,10,0,0,0,0,12,2,0,0,0,0,0,0,12,2,0,0,0,0,0,0,12,2,0,0,0,0,0,0,12,2,0,0,0,0,0,0,12,2,0,0,0,0,0,0,12,2,0,0
https://github.com/redsolution/xabber-android/commit/faaf826e901f43d1b46105b18e655eb120f3ffef,app.src.main.java.com.xabber.android.ui.ContactAddFragment,0,21,0,0,0,0,23,2,0,0,0,0,0,0,23,2,0,0,0,0,0,0,23,2,0,0,0,0,0,0,23,2,0,0,0,0,0,0,23,2,0,0,0,0,0,0,23,2,0,0
https://github.com/restlet/restlet-framework-java/commit/7ffe37983e2f09637b0c84d526a2f824de652de4,modules.org.restlet.ext.apispark.src.org.restlet.ext.apispark.internal.conversion.swagger.v2_0.Swagger2Reader,0,18,0,0,0,0,20,2,0,0,0,0,0,0,19,1,1,1,0,0,0,0,19,1,1,1,0,0,0,0,20,2,0,0,0,0,0,0,19,1,1,1,0,0,0,0,19,1,1,1
https://github.com/robovm/robovm/commit/7837d0baf1aef45340eec699516a8c3a22aeb553,compiler.src.main.java.org.robovm.compiler.target.ios.IOSTarget,0,59,0,0,0,0,62,3,0,0,0,0,0,0,61,2,1,1,0,0,0,0,61,2,1,1,0,0,0,0,62,3,0,0,0,0,0,0,61,2,1,1,0,0,0,0,61,2,1,1
https://github.com/rstudio/rstudio/commit/4983f83d1bedb7b737fc56d409c1c06b04e34e4e,src.gwt.src.org.rstudio.core.client.widget.ThemedCheckBox,0,20,0,0,0,0,23,3,0,0,0,0,0,0,22,2,1,1,0,0,0,0,22,2,1,1,0,0,0,0,23,3,0,0,0,0,0,0,23,3,0,0,0,0,0,0,22,2,1,1
https://github.com/rstudio/rstudio/commit/4983f83d1bedb7b737fc56d409c1c06b04e34e4e,src.gwt.src.org.rstudio.studio.client.workbench.views.source.editors.text.ChunkOptionsPopupPanel,0,56,0,0,0,0,60,4,0,0,0,0,0,0,59,3,0,1,0,0,0,0,60,4,0,0,0,0,0,0,60,4,0,0,0,0,0,0,60,4,0,0,0,0,0,0,60,4,0,0
https://github.com/rstudio/rstudio/commit/cb49e436b9d7ee55f2531ebc2ef1863f5c9ba9fe,src.gwt.src.org.rstudio.core.client.widget.ScrollableToolbarPopupMenu,0,11,0,0,0,0,13,2,0,0,0,0,0,0,13,2,0,0,0,0,0,0,13,2,0,0,0,0,0,0,13,2,0,0,0,0,0,0,13,2,0,0,0,0,0,0,13,2,0,0
https://github.com/selendroid/selendroid/commit/e4a309c160285708f917ea23238573da3b677f7f,selendroid-standalone.src.main.java.io.selendroid.standalone.android.impl.AbstractDevice,0,53,0,0,0,0,55,2,0,0,0,0,0,0,55,2,0,0,0,0,0,0,55,2,0,0,0,0,0,0,55,2,0,0,0,0,0,0,54,1,1,1,0,0,0,0,55,2,0,0
https://github.com/spotify/helios/commit/3ffd70929c08be5cf14f156189e8050969caa87e,helios-services.src.main.java.com.spotify.helios.master.ZooKeeperMasterModel,0,79,0,0,0,0,81,2,0,0,0,0,0,0,81,2,0,0,0,0,0,0,81,2,0,0,0,0,0,0,81,2,0,0,0,0,0,0,80,1,1,1,0,0,0,0,81,2,0,0
https://github.com/spotify/helios/commit/da39bfeb9c370abe2d86e6e327fade252434090d,helios-tools.src.main.java.com.spotify.helios.cli.command.DeploymentGroupStatusCommand,0,4,0,0,0,0,6,2,0,0,0,0,0,0,5,1,1,1,0,0,0,0,5,1,1,1,0,0,0,0,6,2,0,0,0,0,0,0,5,1,1,1,0,0,0,0,5,1,1,1
https://github.com/spotify/helios/commit/da39bfeb9c370abe2d86e6e327fade252434090d,helios-tools.src.main.java.com.spotify.helios.cli.command.DeploymentGroupWatchCommand,0,2,0,0,0,0,5,3,0,0,0,0,0,0,4,2,0,1,0,0,0,0,5,3,0,0,0,0,0,0,5,3,0,0,0,0,0,0,4,2,1,1,0,0,0,0,4,2,0,1
https://github.com/spring-projects/spring-boot/commit/1cfc6f64f64353bc5530a8ce8cdacfc3eba3e7b2,spring-boot.src.main.java.org.springframework.boot.orm.jpa.EntityScanRegistrar,0,9,0,0,0,0,12,3,0,0,0,0,0,0,11,2,1,1,0,0,0,0,11,2,1,1,0,0,0,0,11,2,1,1,0,0,0,0,11,2,1,1,0,0,0,0,11,2,1,1
https://github.com/spring-projects/spring-boot/commit/1cfc6f64f64353bc5530a8ce8cdacfc3eba3e7b2,spring-boot.src.test.java.org.springframework.boot.orm.jpa.EntityScanTests,0,32,0,0,0,0,33,1,0,0,0,0,0,0,33,1,0,0,0,0,0,0,33,1,0,0,0,0,0,0,33,1,0,0,0,0,0,0,33,1,0,0,0,0,0,0,33,1,0,0
https://github.com/spring-projects/spring-boot/commit/20d39f7af2165c67d5221f556f58820c992d2cc6,spring-boot.src.main.java.org.springframework.boot.cloudfoundry.VcapApplicationListener,0,13,0,0,0,0,15,2,0,0,0,0,0,0,15,2,0,0,0,0,0,0,15,2,0,0,0,0,0,0,15,2,0,0,0,0,0,0,14,1,1,1,0,0,0,0,15,2,0,0
https://github.com/spring-projects/spring-boot/commit/cb98ee25ff52bf97faebe3f45cdef0ced9b4416e,spring-boot-autoconfigure.src.main.java.org.springframework.boot.autoconfigure.web.WebMvcProperties,0,16,0,0,0,0,19,3,0,0,0,0,0,0,19,3,0,0,0,0,0,0,19,3,0,0,0,0,0,0,19,3,0,0,0,0,0,0,19,3,0,0,0,0,0,0,19,3,0,0
https://github.com/spring-projects/spring-boot/commit/cb98ee25ff52bf97faebe3f45cdef0ced9b4416e,spring-boot-autoconfigure.src.test.java.org.springframework.boot.autoconfigure.web.WebMvcAutoConfigurationTests,0,24,0,0,0,0,44,20,0,0,0,0,0,0,40,16,0,4,0,0,0,0,44,20,0,0,0,0,0,0,44,20,0,0,0,0,0,0,43,19,1,1,0,0,0,0,42,18,0,2
https://github.com/spring-projects/spring-data-mongodb/commit/3224fa8ce7e0079d6ad507e17534cdf01f758876,spring-data-mongodb.src.main.java.org.springframework.data.mongodb.core.convert.UpdateMapper,0,29,0,0,0,0,31,2,0,0,0,0,0,0,30,1,1,1,0,0,0,0,30,1,1,1,0,0,0,0,31,2,0,0,0,0,0,0,30,1,1,1,0,0,0,0,30,1,1,1
https://github.com/spring-projects/spring-data-mongodb/commit/3224fa8ce7e0079d6ad507e17534cdf01f758876,spring-data-mongodb.src.test.java.org.springframework.data.mongodb.core.convert.UpdateMapperUnitTests,0,136,0,0,0,0,137,1,0,0,0,0,0,0,137,1,0,0,0,0,0,0,137,1,0,0,0,0,0,0,137,1,0,0,0,0,0,0,137,1,0,0,0,0,0,0,137,1,0,0
https://github.com/spring-projects/spring-framework/commit/dd4bc630c3de70204081ab196945d6b55ab03beb,spring-aop.src.main.java.org.springframework.aop.interceptor.AsyncExecutionAspectSupport,0,13,0,0,0,0,18,5,0,0,0,0,0,0,14,1,0,4,0,0,0,0,14,1,0,4,0,0,0,0,14,1,0,4,0,0,0,0,14,1,0,4,0,0,0,0,14,1,0,4
https://github.com/spring-projects/spring-framework/commit/dd4bc630c3de70204081ab196945d6b55ab03beb,spring-aop.src.main.java.org.springframework.aop.interceptor.AsyncExecutionInterceptor,0,5,0,0,0,0,8,3,0,0,0,0,0,0,7,2,0,1,0,0,0,0,7,2,0,1,0,0,0,0,7,2,0,1,0,0,0,0,6,1,1,2,0,0,0,0,7,2,0,1
https://github.com/spring-projects/spring-hateoas/commit/8bdc57ba8975d851fe91edc908761aacea624766,src.test.java.org.springframework.hateoas.mvc.TypeConstrainedMappingJackson2HttpMessageConverterUnitTest,0,1,0,0,0,0,4,3,0,0,0,0,0,0,3,2,1,1,0,0,0,0,3,2,1,1,0,0,0,0,4,3,0,0,0,0,0,0,4,3,1,0,0,0,0,0,4,3,1,0
https://github.com/spring-projects/spring-integration/commit/247232bdde24b81814a82100743f77d881aaf06b,spring-integration-file.src.main.java.org.springframework.integration.file.FileWritingMessageHandler,0,36,0,0,0,0,41,5,0,0,0,0,0,0,40,4,1,1,0,0,0,0,40,4,1,1,0,0,0,0,40,4,0,1,0,0,0,0,40,4,1,1,0,0,0,0,40,4,1,1
https://github.com/spring-projects/spring-integration/commit/247232bdde24b81814a82100743f77d881aaf06b,spring-integration-file.src.test.java.org.springframework.integration.file.FileWritingMessageHandlerTests,0,31,0,0,0,0,32,1,0,0,0,0,0,0,32,1,0,0,0,0,0,0,32,1,0,0,0,0,0,0,32,1,0,0,0,0,0,0,32,1,0,0,0,0,0,0,32,1,0,0
https://github.com/spring-projects/spring-security/commit/fcc9a34356817d93c24b5ccf3107ec234a28b136,web.src.main.java.org.springframework.security.web.context.SaveContextOnUpdateOrErrorResponseWrapper,0,8,0,0,0,0,85,77,0,0,0,0,0,0,13,5,0,72,0,0,0,0,13,5,0,72,0,0,0,0,12,4,0,73,0,0,0,0,12,4,1,73,0,0,0,0,13,5,0,72
https://github.com/square/javapoet/commit/5a37c2aa596377cb4c9b6f916614407fd0a7d3db,src.main.java.com.squareup.javapoet.TypeVariableName,0,11,0,0,0,0,13,2,0,0,0,0,0,0,13,2,0,0,0,0,0,0,13,2,0,0,0,0,0,0,13,2,0,0,0,0,0,0,13,2,0,0,0,0,0,0,13,2,0,0
https://github.com/square/javapoet/commit/5a37c2aa596377cb4c9b6f916614407fd0a7d3db,src.test.java.com.squareup.javapoet.TypesTest,0,1,0,0,0,0,23,22,0,0,0,0,0,0,3,2,0,20,0,0,0,0,2,1,0,21,0,0,0,0,3,2,1,20,0,0,0,0,3,2,1,20,0,0,0,0,2,1,2,21
https://github.com/structr/structr/commit/6c59050b8b03adf6d8043f3fb7add0496f447edf,structr-rest.src.main.java.org.structr.rest.resource.SchemaTypeResource,0,15,0,0,0,0,17,2,0,0,0,0,0,0,17,2,0,0,0,0,0,0,17,2,0,0,0,0,0,0,17,2,0,0,0,0,0,0,16,1,1,1,0,0,0,0,17,2,0,0
https://github.com/wicketstuff/core/commit/8ea46f48063c38473c12ca7c114106ca910b6e74,jdk-1.7-parent.wicket-foundation.wicket-foundation-core.src.test.java.org.wicketstuff.foundation.tab.FoundationTabTest,0,4,0,0,0,0,12,8,0,0,0,0,0,0,12,8,0,0,0,0,0,0,12,8,0,0,0,0,0,0,12,8,0,0,0,0,0,0,11,7,1,1,0,0,0,0,12,8,0,0
https://github.com/wicketstuff/core/commit/8ea46f48063c38473c12ca7c114106ca910b6e74,jdk-1.7-parent.wicket-foundation.wicket-foundation-samples.src.main.java.org.wicketstuff.foundation.TabPage,0,5,0,0,0,0,6,1,0,0,0,0,0,0,6,1,0,0,0,0,0,0,6,1,0,0,0,0,0,0,6,1,0,0,0,0,0,0,5,0,1,1,0,0,0,0,6,1,0,0
https://github.com/wildfly/wildfly/commit/37d842bfed9779e662321a5ee43c36b058386843,testsuite.integration.manualmode.src.test.java.org.jboss.as.test.manualmode.ws.ReloadWSDLPublisherTestCase,0,10,0,0,0,0,12,2,0,0,0,0,0,0,12,2,0,0,0,0,0,0,12,2,0,0,0,0,0,0,12,2,0,0,0,0,0,0,12,2,0,0,0,0,0,0,12,2,0,0
https://github.com/wildfly/wildfly/commit/37d842bfed9779e662321a5ee43c36b058386843,testsuite.shared.src.main.java.org.jboss.as.test.shared.ServerReload,0,3,0,0,0,0,5,2,0,0,0,0,0,0,4,1,1,1,0,0,0,0,4,1,1,1,0,0,0,0,5,2,0,0,0,0,0,0,4,1,1,1,0,0,0,0,4,1,1,1
https://github.com/wildfly/wildfly/commit/d7675fb0b19d3d22978e79954f441eeefd74a3b2,ejb3.src.main.java.org.jboss.as.ejb3.deployment.processors.merging.MethodPermissionsMergingProcessor,0,3,0,0,0,0,5,2,0,0,0,0,0,0,4,1,1,1,0,0,0,0,4,1,1,1,0,0,0,0,5,2,0,0,0,0,0,0,4,1,1,1,0,0,0,0,4,1,1,1
https://github.com/wordpress-mobile/WordPress-Android/commit/2252ed3754bff8c39db48d172ac76ac5a4e15359,WordPress.src.main.java.org.wordpress.android.ui.reader.ReaderPostListFragment,0,113,0,0,0,0,116,3,0,0,0,0,0,0,116,3,0,0,0,0,0,0,116,3,0,0,0,0,0,0,116,3,0,0,0,0,0,0,116,3,0,0,0,0,0,0,116,3,0,0
https://github.com/wordpress-mobile/WordPress-Android/commit/3b95d10985776fb7b710089ff71074fd2bf860ee,WordPress.src.main.java.org.wordpress.android.ui.main.SitePickerAdapter,0,68,0,0,0,0,73,5,0,0,0,0,0,0,73,5,0,0,0,0,0,0,73,5,0,0,0,0,0,0,73,5,0,0,0,0,0,0,72,4,1,1,0,0,0,0,73,5,0,0
https://github.com/wordpress-mobile/WordPress-Android/commit/f8d5cf01f123a1d0a65857aa2db0571fe9cd1911,WordPress.src.main.java.org.wordpress.android.models.Blog,0,99,0,0,0,0,103,4,0,0,0,0,0,0,102,3,1,1,0,0,0,0,102,3,1,1,0,0,0,0,103,4,0,0,0,0,0,0,102,3,1,1,0,0,0,0,102,3,1,1
https://github.com/xetorthio/jedis/commit/d4b4aecbc69bbd04ba87c4e32a52cff3d129906a,src.main.java.redis.clients.util.Pool,0,14,0,0,0,0,18,4,0,0,0,0,0,0,17,3,1,1,0,0,0,0,17,3,1,1,0,0,0,0,18,4,0,0,0,0,0,0,17,3,1,1,0,0,0,0,16,2,1,2
https://github.com/zeromq/jeromq/commit/02d3fa171d02c9d82c7bdcaeb739f47d0c0006a0,src.main.java.zmq.Signaler,0,6,0,0,0,0,12,6,0,0,0,0,0,0,11,5,0,1,0,0,0,0,12,6,0,0,0,0,0,0,12,6,0,0,0,0,0,0,11,5,1,1,0,0,0,0,11,5,0,1
https://github.com/zeromq/jeromq/commit/02d3fa171d02c9d82c7bdcaeb739f47d0c0006a0,src.main.java.zmq.SocketBase,0,79,0,0,0,0,81,2,0,0,0,0,0,0,80,1,0,1,0,0,0,0,81,2,0,0,0,0,0,0,81,2,0,0,0,0,0,0,81,2,0,0,0,0,0,0,81,2,0,0
