Chart/17,Change Variable Type	clone : Object to clone : TimeSeries in method public clone() : Object from class org.jfree.data.time.TimeSeries,CHANGE_VARIABLE_TYPE,0,0,1,1,0,0,0,0,0,0,1,1,0,0,0,0,0,0,1,1,0,0,0,0,0,0
Chart/22,Extract Variable	index : int in method public getObject(rowKey Comparable  columnKey Comparable) : Object from class org.jfree.data.KeyedObjects2D,EXTRACT_VARIABLE,0,0,2,2,0,0,0,0,0,0,1,1,1,1,0,0,0,0,1,1,1,1,0,0,0,0
Chart/22,Extract Variable	i : int in method public removeColumn(columnKey Comparable) : void from class org.jfree.data.KeyedObjects2D,EXTRACT_VARIABLE,0,0,2,2,0,0,0,0,0,0,1,1,1,1,0,0,0,0,1,1,1,1,0,0,0,0
Chart/25,Extract Variable	n : Number in method protected drawHorizontalItem(g2 Graphics2D  state CategoryItemRendererState  dataArea Rectangle2D  plot CategoryPlot  domainAxis CategoryAxis  rangeAxis ValueAxis  dataset StatisticalCategoryDataset  row int  column int) : void from class org.jfree.chart.renderer.category.StatisticalBarRenderer,EXTRACT_VARIABLE,0,0,2,2,0,0,0,0,0,0,1,1,3,1,0,0,0,0,1,1,2,1,0,0,0,0
Chart/25,Extract Variable	n : Number in method protected drawVerticalItem(g2 Graphics2D  state CategoryItemRendererState  dataArea Rectangle2D  plot CategoryPlot  domainAxis CategoryAxis  rangeAxis ValueAxis  dataset StatisticalCategoryDataset  row int  column int) : void from class org.jfree.chart.renderer.category.StatisticalBarRenderer,EXTRACT_VARIABLE,0,0,2,2,0,0,0,0,0,0,1,1,3,1,0,0,0,0,1,1,2,1,0,0,0,0
Chart/5,Split Conditional	if(index >= 0 && !this.allowDuplicateXValues) to [if(this.allowDuplicateXValues)  if(index >= 0)] in method public addOrUpdate(x Number  y Number) : XYDataItem from class org.jfree.data.xy.XYSeries,SPLIT_CONDITIONAL,0,0,33,33,0,0,1,1,0,0,33,33,0,0,1,1,0,0,33,33,0,0,1,1,0,0
Cli/1,Extract Method	private resolveOption(opt String) : Option extracted from public getOptionValues(opt String) : String[] in class org.apache.commons.cli.CommandLine,EXTRACT_OPERATION,0,0,15,15,0,0,1,1,0,0,6,6,23,9,0,0,0,1,9,9,15,6,1,1,0,0
Cli/1,Change Variable Type	key : String to key : Option in method public getOptionValues(opt String) : String[] from class org.apache.commons.cli.CommandLine,CHANGE_VARIABLE_TYPE,0,0,6,6,0,0,0,0,0,0,1,1,8,5,0,0,0,0,4,4,4,2,0,0,0,0
Cli/18,Inline Method	private processSingleHyphen(hyphen String) : void inlined to protected flatten(options Options  arguments String[]  stopAtNonOption boolean) : String[] in class org.apache.commons.cli.PosixParser,INLINE_OPERATION,0,0,42,42,0,0,1,1,0,0,40,40,3,2,1,1,0,0,40,40,5,2,1,1,0,0
Cli/20,Extract Variable	pos : int in method protected flatten(options Options  arguments String[]  stopAtNonOption boolean) : String[] from class org.apache.commons.cli.PosixParser,EXTRACT_VARIABLE,0,0,2,2,0,0,0,0,0,0,0,0,10,2,0,0,0,0,0,0,3,2,0,0,0,0
Cli/22,Replace Variable With Attribute	currentOption : Option to currentOption : Option in method protected burstToken(token String  stopAtNonOption boolean) : void from class org.apache.commons.cli.PosixParser,REPLACE_VARIABLE_WITH_ATTRIBUTE,0,0,6,6,0,0,0,0,0,0,6,6,0,0,0,0,0,0,6,6,0,0,0,0,0,0
Cli/22,Add Parameter	stopAtNonOption : boolean in method private processNonOptionToken(value String  stopAtNonOption boolean) : void from class org.apache.commons.cli.PosixParser,ADD_PARAMETER,0,0,8,8,0,2,1,1,0,0,7,7,1,3,1,1,0,0,7,7,1,3,1,1,0,0
Closure/134,Extract Variable	typeInt : int in method private addNonUnionType(newType JSType) : void from class com.google.javascript.jscomp.AmbiguateProperties.Property,EXTRACT_VARIABLE,0,0,2,2,0,0,0,0,0,0,1,1,5,1,0,0,0,0,1,1,1,1,0,0,0,0
Closure/137,Rename Variable	oldName : String to name : String in method public visit(t NodeTraversal  node Node  parent Node) : void from class com.google.javascript.jscomp.MakeDeclaredNamesUnique.ContextualRenameInverter,RENAME_VARIABLE,0,0,2,2,0,0,0,0,0,0,2,2,0,0,0,0,0,0,2,2,0,0,0,0,0,0
Closure/138,Split Conditional	if(var != null && !(var.isTypeInferred() && unflowableVarNames.contains(varName))) to [if(var != null)  if(!unflowable && !nonLocalInferredSlot)] in method private traverseName(n Node  scope FlowScope) : FlowScope from class com.google.javascript.jscomp.TypeInference,SPLIT_CONDITIONAL,0,0,27,27,3,0,1,1,0,0,27,27,0,0,1,1,0,0,27,27,0,0,1,1,0,0
Closure/148,Rename Method	private findLastLine() : int renamed to private prepMappings() : int in class com.google.javascript.jscomp.SourceMap,RENAME_METHOD,0,0,12,12,0,0,1,1,0,0,3,3,0,9,0,0,0,1,11,11,1,1,1,1,0,0
Closure/148,Rename Variable	mapping : Mapping to m : Mapping in method private prepMappings() : int from class com.google.javascript.jscomp.SourceMap,RENAME_VARIABLE,0,0,6,6,0,0,0,0,0,0,1,1,0,5,0,0,0,0,5,5,1,1,0,0,0,0
Closure/148,Rename Variable	mapping : Mapping to m : Mapping in method package appendMappings(out Appendable) : void from class com.google.javascript.jscomp.SourceMap.MappingWriter,RENAME_VARIABLE,0,0,3,3,2,3,0,0,0,0,0,0,3,6,0,0,0,0,0,0,1,6,0,0,0,0
Closure/152,Extract Variable	maybeTypeOfThis : JSType in method package resolveInternal(t ErrorReporter  scope StaticScope<JSType>) : JSType from class com.google.javascript.rhino.jstype.FunctionType,EXTRACT_VARIABLE,0,0,2,2,0,0,0,0,0,0,1,1,1,1,0,0,0,0,1,1,1,1,0,0,0,0
Closure/155,Add Parameter	maybeModifiedArguments : boolean in method private inlineNonConstants(v Var  referenceInfo ReferenceCollection  maybeModifiedArguments boolean) : void from class com.google.javascript.jscomp.InlineVariables.InliningBehavior,ADD_PARAMETER,0,0,54,54,0,0,1,1,0,0,54,54,0,0,1,1,0,0,54,54,0,0,1,1,0,0
Closure/156,Add Parameter	canCollapseChildNames : boolean in method private updateObjLitOrFunctionDeclaration(n Name  alias String  canCollapseChildNames boolean) : void from class com.google.javascript.jscomp.CollapseProperties,ADD_PARAMETER,0,0,22,22,0,0,1,1,0,0,22,22,0,0,1,1,0,0,19,19,0,3,1,1,0,0
Closure/156,Add Parameter	canCollapseChildNames : boolean in method private updateObjLitOrFunctionDeclarationAtAssignNode(n Name  alias String  canCollapseChildNames boolean) : void from class com.google.javascript.jscomp.CollapseProperties,ADD_PARAMETER,0,0,43,43,0,0,1,1,0,0,43,43,0,0,1,1,0,0,43,43,0,0,1,1,0,0
Closure/156,Add Parameter	canCollapseChildNames : boolean in method private updateObjLitOrFunctionDeclarationAtVarNode(n Name  canCollapseChildNames boolean) : void from class com.google.javascript.jscomp.CollapseProperties,ADD_PARAMETER,0,0,27,27,0,0,1,1,0,0,27,27,0,0,1,1,0,0,27,27,0,0,1,1,0,0
Closure/156,Add Parameter	canCollapseChildNames : boolean in method private updateFunctionDeclarationAtFunctionNode(n Name  canCollapseChildNames boolean) : void from class com.google.javascript.jscomp.CollapseProperties,ADD_PARAMETER,0,0,8,8,0,0,1,1,0,0,8,8,0,0,1,1,0,0,8,8,0,0,1,1,0,0
Closure/157,Extract Variable	key : String in method package add(n Node  context Context) : void from class com.google.javascript.jscomp.CodeGenerator,EXTRACT_VARIABLE,0,0,13,13,0,0,0,0,0,0,6,6,11,7,0,0,0,0,4,4,5,9,0,0,0,0
Closure/158,Rename Method	package setWarningLevels(options CompilerOptions  diagnosticGroups List<String>  level CheckLevel) : void renamed to package setWarningLevel(options CompilerOptions  name String  level CheckLevel) : void in class com.google.javascript.jscomp.DiagnosticGroups,RENAME_METHOD,0,0,9,9,0,0,1,1,0,0,8,8,1,1,1,1,0,0,8,8,1,1,1,1,0,0
Closure/158,Parameterize Variable	name : String to name : String in method package setWarningLevel(options CompilerOptions  name String  level CheckLevel) : void from class com.google.javascript.jscomp.DiagnosticGroups,PARAMETERIZE_VARIABLE,0,0,3,3,0,0,0,0,0,0,3,3,0,0,0,0,0,0,3,3,0,0,0,0,0,0
Closure/158,Remove Parameter	diagnosticGroups : List<String> in method package setWarningLevels(options CompilerOptions  diagnosticGroups List<String>  level CheckLevel) : void from class com.google.javascript.jscomp.DiagnosticGroups,REMOVE_PARAMETER,0,0,9,9,0,0,1,1,0,0,8,8,1,1,1,1,0,0,8,8,1,1,1,1,0,0
Closure/159,Inline Variable	child : Node in method private findCalledFunctions(node Node  changed Set<String>) : void from class com.google.javascript.jscomp.InlineFunctions,INLINE_VARIABLE,0,0,6,6,0,0,0,0,0,0,1,1,10,5,0,0,0,0,1,1,7,5,0,0,0,0
Closure/16,Add Parameter	aliasDefinition : Node in method package AliasedTypeNode(typeReference Node  aliasDefinition Node  aliasName String) from class com.google.javascript.jscomp.ScopedAliases.AliasedTypeNode,ADD_PARAMETER,0,0,6,6,0,0,1,1,0,0,6,6,0,0,1,1,0,0,6,6,0,0,1,1,0,0
Closure/160,Extract Variable	composedGuards : ComposeWarningsGuard in method public initOptions(options CompilerOptions) : void from class com.google.javascript.jscomp.Compiler,EXTRACT_VARIABLE,0,0,2,2,0,0,0,0,0,0,2,2,0,0,0,0,0,0,2,2,0,0,0,0,0,0
Closure/165,Extract Method	package RecordType(registry JSTypeRegistry  properties Map<String RecordProperty>  declared boolean) extracted from package RecordType(registry JSTypeRegistry  properties Map<String RecordProperty>) in class com.google.javascript.rhino.jstype.RecordType,EXTRACT_OPERATION,0,0,14,14,0,0,1,1,0,0,10,10,4,4,0,0,1,1,10,10,4,4,0,0,1,1
Closure/167,Inline Variable	restrictedType : JSType in method private caseNameOrGetProp(name Node  blindScope FlowScope  outcome boolean) : FlowScope from class com.google.javascript.jscomp.type.SemanticReverseAbstractInterpreter,INLINE_VARIABLE,0,0,1,1,0,0,0,0,0,0,1,1,1,0,0,0,0,0,1,1,1,0,0,0,0,0
Closure/167,Add Parameter	originalLeftType : JSType in method private maybeRestrictTwoNames(blindScope FlowScope  left Node  originalLeftType JSType  restrictedLeftType JSType  right Node  originalRightType JSType  restrictedRightType JSType) : FlowScope from class com.google.javascript.jscomp.type.SemanticReverseAbstractInterpreter,ADD_PARAMETER,0,0,22,22,0,0,1,1,0,0,22,22,5,0,1,1,0,0,22,22,1,0,1,1,0,0
Closure/167,Remove Parameter	leftIsRefineable : boolean in method private maybeRestrictTwoNames(blindScope FlowScope  left Node  leftIsRefineable boolean  restrictedLeftType JSType  right Node  rightIsRefineable boolean  restrictedRightType JSType) : FlowScope from class com.google.javascript.jscomp.type.SemanticReverseAbstractInterpreter,REMOVE_PARAMETER,0,0,22,22,0,0,1,1,0,0,22,22,5,0,1,1,0,0,22,22,1,0,1,1,0,0
Closure/169,Change Parameter Type	tolerateUnknowns : boolean to eqMethod : EquivalenceMethod in method package checkEquivalenceHelper(that JSType  eqMethod EquivalenceMethod) : boolean from class com.google.javascript.rhino.jstype.JSType,CHANGE_PARAMETER_TYPE,0,0,27,27,0,0,0,0,0,0,22,22,7,5,0,0,0,0,21,21,4,6,0,0,0,0
Closure/169,Rename Parameter	tolerateUnknowns : boolean to eqMethod : EquivalenceMethod in method package checkEquivalenceHelper(that JSType  eqMethod EquivalenceMethod) : boolean from class com.google.javascript.rhino.jstype.JSType,RENAME_PARAMETER,0,0,27,27,0,0,0,0,0,0,22,22,7,5,0,0,0,0,21,21,4,6,0,0,0,0
Closure/169,Change Parameter Type	tolerateUnknowns : boolean to eqMethod : EquivalenceMethod in method package checkRecordEquivalenceHelper(otherRecord RecordType  eqMethod EquivalenceMethod) : boolean from class com.google.javascript.rhino.jstype.RecordType,CHANGE_PARAMETER_TYPE,0,0,6,6,0,0,0,0,0,0,5,5,1,1,0,0,0,0,4,4,0,2,0,0,0,0
Closure/169,Rename Parameter	tolerateUnknowns : boolean to eqMethod : EquivalenceMethod in method package checkRecordEquivalenceHelper(otherRecord RecordType  eqMethod EquivalenceMethod) : boolean from class com.google.javascript.rhino.jstype.RecordType,RENAME_PARAMETER,0,0,6,6,0,0,0,0,0,0,5,5,1,1,0,0,0,0,4,4,0,2,0,0,0,0
Closure/169,Change Parameter Type	tolerateUnknowns : boolean to eqMethod : EquivalenceMethod in method package checkUnionEquivalenceHelper(that UnionType  eqMethod EquivalenceMethod) : boolean from class com.google.javascript.rhino.jstype.UnionType,CHANGE_PARAMETER_TYPE,0,0,9,9,0,0,0,0,0,0,8,8,2,1,0,0,0,0,7,7,0,2,0,0,0,0
Closure/169,Rename Parameter	tolerateUnknowns : boolean to eqMethod : EquivalenceMethod in method package checkUnionEquivalenceHelper(that UnionType  eqMethod EquivalenceMethod) : boolean from class com.google.javascript.rhino.jstype.UnionType,RENAME_PARAMETER,0,0,9,9,0,0,0,0,0,0,8,8,2,1,0,0,0,0,7,7,0,2,0,0,0,0
Closure/169,Change Parameter Type	tolerateUnknowns : boolean to eqMethod : EquivalenceMethod in method private hasAlternate(type JSType  eqMethod EquivalenceMethod) : boolean from class com.google.javascript.rhino.jstype.UnionType,CHANGE_PARAMETER_TYPE,0,0,6,6,0,0,0,0,0,0,5,5,1,1,0,0,0,0,4,4,0,2,0,0,0,0
Closure/169,Rename Parameter	tolerateUnknowns : boolean to eqMethod : EquivalenceMethod in method private hasAlternate(type JSType  eqMethod EquivalenceMethod) : boolean from class com.google.javascript.rhino.jstype.UnionType,RENAME_PARAMETER,0,0,6,6,0,0,0,0,0,0,5,5,1,1,0,0,0,0,4,4,0,2,0,0,0,0
Closure/169,Change Parameter Type	tolerateUnknowns : boolean to eqMethod : EquivalenceMethod in method package checkFunctionEquivalenceHelper(that FunctionType  eqMethod EquivalenceMethod) : boolean from class com.google.javascript.rhino.jstype.FunctionType,CHANGE_PARAMETER_TYPE,0,0,5,5,0,0,0,0,0,0,4,4,1,1,0,0,0,0,3,3,0,2,0,0,0,0
Closure/169,Rename Parameter	tolerateUnknowns : boolean to eqMethod : EquivalenceMethod in method package checkFunctionEquivalenceHelper(that FunctionType  eqMethod EquivalenceMethod) : boolean from class com.google.javascript.rhino.jstype.FunctionType,RENAME_PARAMETER,0,0,5,5,0,0,0,0,0,0,4,4,1,1,0,0,0,0,3,3,0,2,0,0,0,0
Closure/169,Change Parameter Type	tolerateUnknowns : boolean to eqMethod : EquivalenceMethod in method package hasEqualParameters(that ArrowType  eqMethod EquivalenceMethod) : boolean from class com.google.javascript.rhino.jstype.ArrowType,CHANGE_PARAMETER_TYPE,0,0,6,6,0,0,0,0,0,0,5,5,1,1,0,0,0,0,4,4,0,2,0,0,0,0
Closure/169,Rename Parameter	tolerateUnknowns : boolean to eqMethod : EquivalenceMethod in method package hasEqualParameters(that ArrowType  eqMethod EquivalenceMethod) : boolean from class com.google.javascript.rhino.jstype.ArrowType,RENAME_PARAMETER,0,0,6,6,0,0,0,0,0,0,5,5,1,1,0,0,0,0,4,4,0,2,0,0,0,0
Closure/169,Change Parameter Type	tolerateUnknowns : boolean to eqMethod : EquivalenceMethod in method package checkArrowEquivalenceHelper(that ArrowType  eqMethod EquivalenceMethod) : boolean from class com.google.javascript.rhino.jstype.ArrowType,CHANGE_PARAMETER_TYPE,0,0,8,8,0,0,0,0,0,0,7,7,1,1,0,0,0,0,6,6,0,2,0,0,0,0
Closure/169,Rename Parameter	tolerateUnknowns : boolean to eqMethod : EquivalenceMethod in method package checkArrowEquivalenceHelper(that ArrowType  eqMethod EquivalenceMethod) : boolean from class com.google.javascript.rhino.jstype.ArrowType,RENAME_PARAMETER,0,0,8,8,0,0,0,0,0,0,7,7,1,1,0,0,0,0,6,6,0,2,0,0,0,0
Closure/170,Split Conditional	if(n.isName() && n.getString().equals(varName) && !(parent.isAssign() && (parent.getFirstChild() == n))) to [if(n.isName() && n.getString().equals(varName))  if(parent.isAssign() && (parent.getFirstChild() == n) && isAssignChain(parent cfgNode))] in method public visit(t NodeTraversal  n Node  parent Node) : void from class com.google.javascript.jscomp.FlowSensitiveInlineVariables.Candidate.getNumUseInUseCfgNode.gatherCb.new AbstractCfgNodeTraversalCallback,SPLIT_CONDITIONAL,0,0,11,11,1,1,1,1,0,0,11,11,1,1,1,1,0,0,11,11,1,1,1,1,0,0
Closure/175,Add Parameter	namesToAlias : Set<String> in method private canInlineReferenceDirectly(callNode Node  fnNode Node  namesToAlias Set<String>) : CanInlineResult from class com.google.javascript.jscomp.FunctionInjector,ADD_PARAMETER,0,0,24,24,1,0,1,1,0,0,24,24,26,0,1,1,0,0,24,24,1,0,1,1,0,0
Closure/3,Add Parameter	scope : Scope in method private canInline(scope Scope) : boolean from class com.google.javascript.jscomp.FlowSensitiveInlineVariables.Candidate,ADD_PARAMETER,7,1,71,64,0,0,3,2,0,0,71,64,0,0,3,2,0,0,71,64,0,0,3,2,0,0
Closure/54,Extract Variable	oldPrototype : PrototypeObjectType in method public setPrototype(prototype PrototypeObjectType) : boolean from class com.google.javascript.rhino.jstype.FunctionType,EXTRACT_VARIABLE,0,0,2,2,0,0,0,0,0,0,1,1,1,1,0,0,0,0,1,1,1,1,0,0,0,0
Closure/64,Add Parameter	firstOutput : boolean in method private toSource(n Node  sourceMap SourceMap  firstOutput boolean) : String from class com.google.javascript.jscomp.Compiler,ADD_PARAMETER,0,0,17,17,0,0,1,1,0,0,17,17,0,0,1,1,0,0,17,17,0,0,1,1,0,0
Closure/7,Split Conditional	return resultEqualsValue && ctorType.isSubtype(type) ? ctorType : null; to [return type.isSubtype(ctorType) ? null : type;  if(resultEqualsValue)] in method public caseObjectType(type ObjectType) : JSType from class com.google.javascript.jscomp.type.ChainableReverseAbstractInterpreter.RestrictByOneTypeOfResultVisitor,SPLIT_CONDITIONAL,0,0,19,19,0,0,1,1,0,0,14,14,2,5,1,1,0,0,13,13,0,6,1,1,0,0
Closure/96,Split Conditional	while(arguments.hasNext() && parameters.hasNext()) to [while(arguments.hasNext() && (parameters.hasNext() || parameter != null && parameter.isVarArgs()))  if(parameters.hasNext())] in method private visitParameterList(t NodeTraversal  call Node  functionType FunctionType) : void from class com.google.javascript.jscomp.TypeCheck,SPLIT_CONDITIONAL,0,0,27,27,0,0,1,1,0,0,26,26,0,1,1,1,0,0,26,26,0,1,1,1,0,0
Closure/97,Extract Variable	lvalLong : long in method private tryFoldShift(n Node  left Node  right Node) : Node from class com.google.javascript.jscomp.PeepholeFoldConstants,EXTRACT_VARIABLE,0,0,2,2,0,0,0,0,0,0,1,1,1,1,0,0,0,0,1,1,1,1,0,0,0,0
Codec/14,Change Variable Type	phonemes : Set<Rule.Phoneme> to phonemes : Map<Rule.Phoneme Rule.Phoneme> in method private applyFinalRules(phonemeBuilder PhonemeBuilder  finalRules Map<String List<Rule>>) : PhonemeBuilder from class org.apache.commons.codec.language.bm.PhoneticEngine,CHANGE_VARIABLE_TYPE,0,0,3,3,0,0,0,0,0,0,3,3,0,0,0,0,0,0,2,2,0,1,0,0,0,0
Codec/6,Extract Variable	readLen : int in method public read(b byte[]  offset int  len int) : int from class org.apache.commons.codec.binary.Base64InputStream,EXTRACT_VARIABLE,0,0,2,2,0,0,0,0,0,0,1,1,0,1,0,0,0,0,1,1,0,1,0,0,0,0
Collections/25,Extract Variable	comp : Comparator<E> in method public collatedIterator(comparator Comparator<? super E>  iterator1 Iterator<? extends E>  iterator2 Iterator<? extends E>) : Iterator<E> from class org.apache.commons.collections4.IteratorUtils,EXTRACT_VARIABLE,0,0,2,2,0,0,0,0,0,0,1,1,1,1,0,0,0,0,1,1,1,1,0,0,0,0
Collections/25,Extract Variable	comp : Comparator<E> in method public collatedIterator(comparator Comparator<? super E>  iterators Iterator<? extends E>...) : Iterator<E> from class org.apache.commons.collections4.IteratorUtils,EXTRACT_VARIABLE,0,0,2,2,0,0,0,0,0,0,1,1,1,1,0,0,0,0,1,1,1,1,0,0,0,0
Collections/25,Extract Variable	comp : Comparator<E> in method public collatedIterator(comparator Comparator<? super E>  iterators Collection<Iterator<? extends E>>) : Iterator<E> from class org.apache.commons.collections4.IteratorUtils,EXTRACT_VARIABLE,0,0,2,2,0,0,0,0,0,0,1,1,1,1,0,0,0,0,1,1,1,1,0,0,0,0
Collections/26,Change Method Access Modifier	private to protected in method protected readResolve() : Object from class org.apache.commons.collections4.keyvalue.MultiKey,CHANGE_OPERATION_ACCESS_MODIFIER,0,0,6,6,0,0,1,1,0,0,6,6,0,0,1,1,0,0,6,6,0,0,1,1,0,0
Compress/10,Extract Variable	origMap : Map<ZipArchiveEntry OffsetEntry> in method private resolveLocalFileHeaderData(entriesWithoutUTF8Flag Map<ZipArchiveEntry NameAndComment>) : void from class org.apache.commons.compress.archivers.zip.ZipFile,EXTRACT_VARIABLE,0,0,33,33,0,0,0,0,0,0,31,31,4,2,0,0,0,0,31,31,5,2,0,0,0,0
Compress/43,Add Parameter	phased : boolean in method private usesDataDescriptor(zipMethod int  phased boolean) : boolean from class org.apache.commons.compress.archivers.zip.ZipArchiveOutputStream,ADD_PARAMETER,0,0,7,7,0,0,1,1,0,0,7,7,0,0,1,1,0,0,7,7,0,0,1,1,0,0
Compress/5,Split Conditional	if(read == 0 && inf.finished()) to [if(inf.finished())  if(read == 0)] in method public read(buffer byte[]  start int  length int) : int from class org.apache.commons.compress.archivers.zip.ZipArchiveInputStream,SPLIT_CONDITIONAL,0,0,59,59,0,0,1,1,0,0,58,58,1,1,1,1,0,0,58,58,1,1,1,1,0,0
Compress/7,Extract Variable	b : byte in method public parseName(buffer byte[]  offset int  length int) : String from class org.apache.commons.compress.archivers.tar.TarUtils,EXTRACT_VARIABLE,0,0,4,4,0,0,0,0,0,0,3,3,2,1,0,0,0,0,4,4,0,0,0,0,0,0
Gson/4,Remove Parameter	root : boolean in method private beforeValue(root boolean) : void from class com.google.gson.stream.JsonWriter,REMOVE_PARAMETER,0,0,28,28,0,0,1,1,0,0,28,28,0,0,1,1,0,0,28,28,0,0,1,1,0,0
JacksonDatabind/10,Change Parameter Type	serializer : MapSerializer to serializer : JsonSerializer<?> in method public AnyGetterWriter(property BeanProperty  accessor AnnotatedMember  serializer JsonSerializer<?>) from class com.fasterxml.jackson.databind.ser.AnyGetterWriter,CHANGE_PARAMETER_TYPE,0,0,2,2,0,0,0,0,0,0,2,2,1,0,0,0,0,0,1,1,1,1,0,0,0,0
JacksonDatabind/10,Change Variable Type	anySer : MapSerializer to anySer : JsonSerializer<?> in method protected constructBeanSerializer(prov SerializerProvider  beanDesc BeanDescription) : JsonSerializer<Object> from class com.fasterxml.jackson.databind.ser.BeanSerializerFactory,CHANGE_VARIABLE_TYPE,0,0,2,2,1,1,0,0,0,0,3,3,0,0,0,0,0,0,2,2,0,1,0,0,0,0
JacksonDatabind/100,Inline Variable	data : byte[] in method public getBinaryValue(b64variant Base64Variant) : byte[] from class com.fasterxml.jackson.databind.node.TreeTraversingParser,INLINE_VARIABLE,0,0,2,2,0,0,0,0,0,0,1,1,0,1,0,0,0,0,1,1,0,1,0,0,0,0
JacksonDatabind/111,Extract Variable	nvp : NullValueProvider in method public withValueDeserializer(deser JsonDeserializer<?>) : SettableBeanProperty from class com.fasterxml.jackson.databind.deser.impl.ObjectIdValueProperty,EXTRACT_VARIABLE,0,0,2,2,0,0,0,0,0,0,1,1,1,1,0,0,0,0,1,1,1,1,0,0,0,0
JacksonDatabind/111,Extract Variable	nvp : NullValueProvider in method public withValueDeserializer(deser JsonDeserializer<?>) : SettableBeanProperty from class com.fasterxml.jackson.databind.deser.impl.FieldProperty,EXTRACT_VARIABLE,0,0,2,2,0,0,0,0,0,0,1,1,1,1,0,0,0,0,1,1,1,1,0,0,0,0
JacksonDatabind/111,Extract Variable	nvp : NullValueProvider in method public withValueDeserializer(deser JsonDeserializer<?>) : SettableBeanProperty from class com.fasterxml.jackson.databind.deser.CreatorProperty,EXTRACT_VARIABLE,0,0,2,2,0,0,0,0,0,0,1,1,1,1,0,0,0,0,1,1,1,1,0,0,0,0
JacksonDatabind/111,Extract Variable	nvp : NullValueProvider in method public withValueDeserializer(deser JsonDeserializer<?>) : SettableBeanProperty from class com.fasterxml.jackson.databind.deser.impl.ObjectIdReferenceProperty,EXTRACT_VARIABLE,0,0,2,2,0,0,0,0,0,0,1,1,1,1,0,0,0,0,1,1,1,1,0,0,0,0
JacksonDatabind/111,Extract Variable	nvp : NullValueProvider in method public withValueDeserializer(deser JsonDeserializer<?>) : SettableBeanProperty from class com.fasterxml.jackson.databind.deser.impl.SetterlessProperty,EXTRACT_VARIABLE,0,0,2,2,0,0,0,0,0,0,1,1,1,1,0,0,0,0,1,1,1,1,0,0,0,0
JacksonDatabind/111,Extract Variable	nvp : NullValueProvider in method public withValueDeserializer(deser JsonDeserializer<?>) : SettableBeanProperty from class com.fasterxml.jackson.databind.deser.impl.MethodProperty,EXTRACT_VARIABLE,0,0,2,2,0,0,0,0,0,0,1,1,1,1,0,0,0,0,1,1,1,1,0,0,0,0
JacksonDatabind/15,Extract Variable	ser : JsonSerializer<Object> in method public serialize(value Object  gen JsonGenerator  provider SerializerProvider) : void from class com.fasterxml.jackson.databind.ser.std.StdDelegatingSerializer,EXTRACT_VARIABLE,0,0,2,2,0,0,0,0,0,0,1,1,1,1,0,0,0,0,1,1,1,1,0,0,0,0
JacksonDatabind/15,Extract Variable	ser : JsonSerializer<Object> in method public serializeWithType(value Object  gen JsonGenerator  provider SerializerProvider  typeSer TypeSerializer) : void from class com.fasterxml.jackson.databind.ser.std.StdDelegatingSerializer,EXTRACT_VARIABLE,0,0,2,2,0,0,0,0,0,0,1,1,1,1,0,0,0,0,1,1,1,1,0,0,0,0
JacksonDatabind/20,Add Method Annotation	@JsonIgnore in method public setAll(properties Map<String ? extends JsonNode>) : JsonNode from class com.fasterxml.jackson.databind.node.ObjectNode,ADD_METHOD_ANNOTATION,0,0,13,13,0,0,1,1,0,0,13,13,0,0,1,1,0,0,13,13,0,0,1,1,0,0
JacksonDatabind/22,Add Parameter	prov : SerializerProvider in method protected buildCollectionSerializer(prov SerializerProvider  type CollectionType  beanDesc BeanDescription  staticTyping boolean  elementTypeSerializer TypeSerializer  elementValueSerializer JsonSerializer<Object>) : JsonSerializer<?> from class com.fasterxml.jackson.databind.ser.BasicSerializerFactory,ADD_PARAMETER,0,0,58,58,0,0,1,1,0,0,56,56,4,2,1,1,0,0,56,56,4,2,1,1,0,0
JacksonDatabind/22,Add Parameter	prov : SerializerProvider in method protected buildMapSerializer(prov SerializerProvider  type MapType  beanDesc BeanDescription  staticTyping boolean  keySerializer JsonSerializer<Object>  elementTypeSerializer TypeSerializer  elementValueSerializer JsonSerializer<Object>) : JsonSerializer<?> from class com.fasterxml.jackson.databind.ser.BasicSerializerFactory,ADD_PARAMETER,0,0,36,36,0,0,1,1,0,0,34,34,3,2,1,1,0,0,34,34,1,2,1,1,0,0
JacksonDatabind/22,Add Parameter	prov : SerializerProvider in method protected buildArraySerializer(prov SerializerProvider  type ArrayType  beanDesc BeanDescription  staticTyping boolean  elementTypeSerializer TypeSerializer  elementValueSerializer JsonSerializer<Object>) : JsonSerializer<?> from class com.fasterxml.jackson.databind.ser.BasicSerializerFactory,ADD_PARAMETER,0,0,38,38,0,0,1,1,0,0,36,36,4,2,1,1,0,0,36,36,2,2,1,1,0,0
JacksonDatabind/24,Inline Variable	tz : TimeZone in method public withDateFormat(df DateFormat) : BaseSettings from class com.fasterxml.jackson.databind.cfg.BaseSettings,INLINE_VARIABLE,0,0,2,2,0,0,0,0,0,0,1,1,1,1,0,0,0,0,1,1,1,1,0,0,0,0
JacksonDatabind/35,Extract Variable	t : JsonToken in method private _deserialize(p JsonParser  ctxt DeserializationContext) : Object from class com.fasterxml.jackson.databind.jsontype.impl.AsWrapperTypeDeserializer,EXTRACT_VARIABLE,0,0,2,2,3,3,0,0,0,0,2,2,3,3,0,0,0,0,2,2,2,3,0,0,0,0
JacksonDatabind/38,Extract Variable	b : TypeBindings in method public construct(cls Class<?>) : SimpleType from class com.fasterxml.jackson.databind.type.SimpleType,EXTRACT_VARIABLE,0,0,3,3,0,0,0,0,0,0,2,2,8,1,0,0,0,0,2,2,0,1,0,0,0,0
JacksonDatabind/53,Extract Method	private _bindingsForSubtype(baseType JavaType  typeParamCount int  subclass Class<?>) : TypeBindings extracted from public constructSpecializedType(baseType JavaType  subclass Class<?>) : JavaType in class com.fasterxml.jackson.databind.type.TypeFactory,EXTRACT_OPERATION,0,0,67,67,0,2,1,1,0,0,63,63,5,6,1,1,0,0,58,58,7,11,1,1,0,0
JacksonDatabind/53,Extract Variable	baseCount : int in method private _bindingsForSubtype(baseType JavaType  typeParamCount int  subclass Class<?>) : TypeBindings from class com.fasterxml.jackson.databind.type.TypeFactory,EXTRACT_VARIABLE,0,0,9,9,0,0,0,0,0,0,7,7,2,2,0,0,0,0,7,7,3,2,0,0,0,0
JacksonDatabind/53,Extract Variable	key : Object in method protected _fromClass(context ClassStack  rawType Class<?>  bindings TypeBindings) : JavaType from class com.fasterxml.jackson.databind.type.TypeFactory,EXTRACT_VARIABLE,0,0,4,4,0,0,0,0,0,0,1,1,4,3,0,0,0,0,2,2,2,2,0,0,0,0
JacksonDatabind/60,Extract Variable	rr : TypeSerializerRerouter in method public serializeWithType(bean Object  gen JsonGenerator  provider SerializerProvider  typeSer0 TypeSerializer) : void from class com.fasterxml.jackson.databind.ser.std.JsonValueSerializer,EXTRACT_VARIABLE,0,0,2,2,0,0,0,0,0,0,1,1,1,1,0,0,0,0,0,0,1,2,0,0,0,0
JacksonDatabind/66,Extract Variable	tb : TokenBuffer in method public deserializeKey(key String  ctxt DeserializationContext) : Object from class com.fasterxml.jackson.databind.deser.std.StdKeyDeserializer.DelegatingKD,EXTRACT_VARIABLE,0,0,2,2,2,0,0,0,0,0,2,2,0,0,0,0,0,0,1,1,4,1,0,0,0,0
JacksonDatabind/69,Change Return Type	void to boolean in method protected verifyNonDup(newOne AnnotatedWithParams  typeIndex int  explicit boolean) : boolean from class com.fasterxml.jackson.databind.deser.impl.CreatorCollector,CHANGE_RETURN_TYPE,0,0,35,35,0,0,1,1,0,0,35,35,0,0,1,1,0,0,35,35,0,0,1,1,0,0
JacksonDatabind/73,Change Return Type	void to JsonProperty.Access in method public removeNonVisible(inferMutators boolean) : JsonProperty.Access from class com.fasterxml.jackson.databind.introspect.POJOPropertyBuilder,CHANGE_RETURN_TYPE,0,0,32,32,0,0,1,1,0,0,32,32,0,0,1,1,0,0,32,32,0,0,1,1,0,0
JacksonDatabind/75,Add Parameter	defaultValue : Boolean in method protected _isShapeWrittenUsingIndex(enumClass Class<?>  format JsonFormat.Value  fromClass boolean  defaultValue Boolean) : Boolean from class com.fasterxml.jackson.databind.ser.std.EnumSerializer,ADD_PARAMETER,0,0,22,22,0,0,1,1,0,0,22,22,0,0,1,1,0,0,22,22,0,0,1,1,0,0
JacksonDatabind/98,Extract Variable	v : Object in method public complete(p JsonParser  ctxt DeserializationContext  buffer PropertyValueBuffer  creator PropertyBasedCreator) : Object from class com.fasterxml.jackson.databind.deser.impl.ExternalTypeHandler,EXTRACT_VARIABLE,0,0,2,2,0,0,0,0,0,0,1,1,1,1,0,0,0,0,1,1,1,1,0,0,0,0
JacksonXml/4,Extract Variable	rootName : QName in method protected _serializeXmlNull(jgen JsonGenerator) : void from class com.fasterxml.jackson.dataformat.xml.ser.XmlSerializerProvider,EXTRACT_VARIABLE,0,0,2,2,0,0,0,0,0,0,1,1,1,1,0,0,0,0,1,1,1,1,0,0,0,0
Jsoup/28,Inline Variable	origNameRef : String in method package consumeCharacterReference(additionalAllowedCharacter Character  inAttribute boolean) : Character from class org.jsoup.parser.Tokeniser,INLINE_VARIABLE,0,0,2,2,0,0,0,0,0,0,1,1,1,1,0,0,0,0,1,1,1,1,0,0,0,0
Jsoup/28,Extract Variable	found : boolean in method package consumeCharacterReference(additionalAllowedCharacter Character  inAttribute boolean) : Character from class org.jsoup.parser.Tokeniser,EXTRACT_VARIABLE,0,0,1,1,0,1,0,0,0,0,1,1,2,1,0,0,0,0,1,1,0,1,0,0,0,0
Jsoup/3,Rename Method	package isValidParent(child Tag) : boolean renamed to package isValidAncestor(child Tag) : boolean in class org.jsoup.parser.Tag,RENAME_METHOD,0,0,11,11,0,0,1,1,0,0,11,11,0,0,1,1,0,0,11,11,0,0,1,1,0,0
Jsoup/66,Add Parameter	owner : Element in method package NodeList(owner Element  initialCapacity int) from class org.jsoup.nodes.Element.NodeList,ADD_PARAMETER,0,0,4,4,0,0,1,1,0,0,2,2,0,2,0,0,0,1,4,4,0,0,1,1,0,0
Jsoup/8,Extract Method	private getOutputSettings() : Document.OutputSettings extracted from protected outerHtml(accum StringBuilder) : void in class org.jsoup.nodes.Node,EXTRACT_OPERATION,0,0,7,7,0,0,1,1,0,0,2,2,3,5,0,0,0,1,7,7,0,0,1,1,0,0
Jsoup/92,Change Return Type	void to Attributes in method public add(key String  value String) : Attributes from class org.jsoup.nodes.Attributes,CHANGE_RETURN_TYPE,0,0,9,9,0,0,1,1,0,0,9,9,0,0,1,1,0,0,9,9,0,0,1,1,0,0
Jsoup/92,Change Method Access Modifier	private to public in method public add(key String  value String) : Attributes from class org.jsoup.nodes.Attributes,CHANGE_OPERATION_ACCESS_MODIFIER,0,0,9,9,0,0,1,1,0,0,9,9,0,0,1,1,0,0,9,9,0,0,1,1,0,0
JxPath/18,Inline Variable	name : QName in method public nextNode() : boolean from class org.apache.commons.jxpath.ri.axes.AttributeContext,INLINE_VARIABLE,0,0,2,2,0,1,0,0,0,0,2,2,3,1,0,0,0,0,2,2,1,1,0,0,0,0
JxPath/21,Extract Variable	baseValue : Object in method public getLength() : int from class org.apache.commons.jxpath.ri.model.beans.PropertyPointer,EXTRACT_VARIABLE,0,0,3,3,0,0,0,0,0,0,3,3,0,0,0,0,0,0,3,3,0,0,0,0,0,0
JxPath/6,Split Conditional	if(l instanceof InitialContext || l instanceof SelfContext) to [if(l instanceof InitialContext)  if(l instanceof SelfContext)] in method protected equal(context EvalContext  left Expression  right Expression) : boolean from class org.apache.commons.jxpath.ri.compiler.CoreOperationCompare,SPLIT_CONDITIONAL,0,0,33,33,0,2,1,1,0,0,35,35,0,0,1,1,0,0,35,35,0,0,1,1,0,0
Lang/15,Change Variable Type	entry : Map.Entry<TypeVariable<?> Type> to var : TypeVariable<?> in method private isAssignable(type Type  toParameterizedType ParameterizedType  typeVarAssigns Map<TypeVariable<?> Type>) : boolean from class org.apache.commons.lang3.reflect.TypeUtils,CHANGE_VARIABLE_TYPE,0,0,8,8,0,4,0,0,0,0,9,9,6,3,0,0,0,0,8,8,2,4,0,0,0,0
Lang/15,Rename Variable	entry : Map.Entry<TypeVariable<?> Type> to var : TypeVariable<?> in method private isAssignable(type Type  toParameterizedType ParameterizedType  typeVarAssigns Map<TypeVariable<?> Type>) : boolean from class org.apache.commons.lang3.reflect.TypeUtils,RENAME_VARIABLE,0,0,8,8,0,4,0,0,0,0,9,9,6,3,0,0,0,0,8,8,2,4,0,0,0,0
Lang/29,Change Return Type	float to int in method package toJavaVersionInt(version String) : int from class org.apache.commons.lang3.SystemUtils,CHANGE_RETURN_TYPE,0,0,6,6,0,0,1,1,0,0,6,6,0,0,1,1,0,0,6,6,0,0,1,1,0,0
Lang/30,Change Parameter Type	cs : CharSequence to cs : String in method public containsAny(cs String  searchChars char[]) : boolean from class org.apache.commons.lang3.StringUtils,CHANGE_PARAMETER_TYPE,0,0,11,11,1,0,0,0,0,0,7,7,6,4,0,0,0,0,7,7,3,4,0,0,0,0
Lang/30,Change Parameter Type	cs : CharSequence to cs : String in method public containsAny(cs String  searchChars String) : boolean from class org.apache.commons.lang3.StringUtils,CHANGE_PARAMETER_TYPE,0,0,3,3,0,0,0,0,0,0,3,3,0,0,0,0,0,0,3,3,0,0,0,0,0,0
Lang/32,Extract Variable	registry : Set<IDKey> in method package isRegistered(value Object) : boolean from class org.apache.commons.lang3.builder.HashCodeBuilder,EXTRACT_VARIABLE,0,0,3,3,0,0,0,0,0,0,3,3,0,0,0,0,0,0,3,3,0,0,0,0,0,0
Lang/32,Extract Variable	s : Set<IDKey> in method package unregister(value Object) : void from class org.apache.commons.lang3.builder.HashCodeBuilder,EXTRACT_VARIABLE,0,0,2,2,0,0,0,0,0,0,2,2,0,0,0,0,0,0,2,2,0,0,0,0,0,0
Lang/46,Add Parameter	escapeForwardSlash : boolean in method private escapeJavaStyleString(str String  escapeSingleQuotes boolean  escapeForwardSlash boolean) : String from class org.apache.commons.lang.StringEscapeUtils,ADD_PARAMETER,0,0,18,18,0,0,1,1,0,0,18,18,0,0,1,1,0,0,18,18,0,0,1,1,0,0
Lang/46,Add Parameter	escapeForwardSlash : boolean in method private escapeJavaStyleString(out Writer  str String  escapeSingleQuote boolean  escapeForwardSlash boolean) : void from class org.apache.commons.lang.StringEscapeUtils,ADD_PARAMETER,0,0,82,82,0,0,1,1,0,0,82,82,0,0,1,1,0,0,82,82,0,0,1,1,0,0
Lang/56,Add Attribute Modifier	transient in attribute private mRules : Rule[] from class org.apache.commons.lang.time.FastDateFormat,ADD_ATTRIBUTE_MODIFIER,0,0,0,0,0,0,0,0,0,0,0,0,0,0,0,0,0,0,0,0,0,0,0,0,0,0
Math/21,Rename Variable	isi : int to isr : int in method public RectangularCholeskyDecomposition(matrix RealMatrix  small double) from class org.apache.commons.math3.linear.RectangularCholeskyDecomposition,RENAME_VARIABLE,0,0,7,7,0,0,0,0,0,0,7,7,2,0,0,0,0,0,5,5,0,2,0,0,0,0
Math/21,Rename Variable	tmp : int to tmpIndex : int in method public RectangularCholeskyDecomposition(matrix RealMatrix  small double) from class org.apache.commons.math3.linear.RectangularCholeskyDecomposition,RENAME_VARIABLE,0,0,4,4,0,0,0,0,0,0,4,4,1,0,0,0,0,0,2,2,0,2,0,0,0,0
Math/30,Change Variable Type	n1n2prod : int to n1n2prod : double in method private calculateAsymptoticPValue(Umin double  n1 int  n2 int) : double from class org.apache.commons.math3.stat.inference.MannWhitneyUTest,CHANGE_VARIABLE_TYPE,0,0,2,2,0,0,0,0,0,0,2,2,0,0,0,0,0,0,2,2,0,0,0,0,0,0
Math/31,Rename Variable	cN : double to dN : double in method public evaluate(x double  epsilon double  maxIterations int) : double from class org.apache.commons.math3.util.ContinuedFraction,RENAME_VARIABLE,0,0,0,0,5,2,0,0,0,0,2,2,10,0,0,0,0,0,1,1,0,1,0,0,0,0
Math/31,Rename Variable	q1 : double to dN : double in method public evaluate(x double  epsilon double  maxIterations int) : double from class org.apache.commons.math3.util.ContinuedFraction,RENAME_VARIABLE,0,0,2,2,1,2,0,0,0,0,4,4,0,0,0,0,0,0,3,3,0,1,0,0,0,0
Math/55,Extract Variable	x2 : double in method public crossProduct(v1 Vector3D  v2 Vector3D) : Vector3D from class org.apache.commons.math.geometry.Vector3D,EXTRACT_VARIABLE,0,0,19,19,0,0,0,0,0,0,0,0,1,19,0,0,0,0,0,0,1,19,0,0,0,0
Math/57,Change Variable Type	sum : int to sum : double in method private chooseInitialCenters(points Collection<T>  k int  random Random) : List<Cluster<T>> from class org.apache.commons.math.stat.clustering.KMeansPlusPlusClusterer,CHANGE_VARIABLE_TYPE,0,0,3,3,0,0,0,0,0,0,3,3,0,0,0,0,0,0,3,3,0,0,0,0,0,0
Math/66,Remove Parameter	f : UnivariateRealFunction in method private localMin(isMinim boolean  f UnivariateRealFunction  goalType GoalType  lo double  mid double  hi double  eps double  t double) : double from class org.apache.commons.math.optimization.univariate.BrentOptimizer,REMOVE_PARAMETER,0,0,130,130,0,3,1,1,0,0,133,133,6,0,1,1,0,0,131,131,0,2,1,1,0,0
Math/68,Extract Variable	current : VectorialPointValuePair in method protected doOptimize() : VectorialPointValuePair from class org.apache.commons.math.optimization.general.LevenbergMarquardtOptimizer,EXTRACT_VARIABLE,0,0,3,3,1,1,0,0,0,0,4,4,0,0,0,0,0,0,4,4,0,0,0,0,0,0
Math/79,Change Variable Type	sum : int to sum : double in method public distance(p1 int[]  p2 int[]) : double from class org.apache.commons.math.util.MathUtils,CHANGE_VARIABLE_TYPE,0,0,2,2,0,0,0,0,0,0,2,2,0,0,0,0,0,0,2,2,0,0,0,0,0,0
Math/79,Change Variable Type	dp : int to dp : double in method public distance(p1 int[]  p2 int[]) : double from class org.apache.commons.math.util.MathUtils,CHANGE_VARIABLE_TYPE,0,0,1,1,0,0,0,0,0,0,1,1,0,0,0,0,0,0,1,1,0,0,0,0,0,0
Math/8,Change Variable Type	out : T[] to out : Object[] in method public sample(sampleSize int) : Object[] from class org.apache.commons.math3.distribution.DiscreteDistribution,CHANGE_VARIABLE_TYPE,0,0,2,2,0,1,0,0,0,0,2,2,2,1,0,0,0,0,2,2,0,1,0,0,0,0
Math/8,Change Return Type	T[] to Object[] in method public sample(sampleSize int) : Object[] from class org.apache.commons.math3.distribution.DiscreteDistribution,CHANGE_RETURN_TYPE,0,0,14,14,0,3,1,1,0,0,16,16,2,1,1,1,0,0,16,16,0,1,1,1,0,0
Math/90,Extract Method	public addValue(v Comparable<?>) : void extracted from public addValue(v Object) : void in class org.apache.commons.math.stat.Frequency,EXTRACT_OPERATION,0,0,20,20,0,0,1,1,0,0,16,16,4,4,0,0,1,1,16,16,4,4,0,0,1,1
Math/91,Change Variable Type	nOd : double to nOd : long in method public compareTo(object Fraction) : int from class org.apache.commons.math.fraction.Fraction,CHANGE_VARIABLE_TYPE,0,0,1,1,0,0,0,0,0,0,1,1,1,0,0,0,0,0,1,1,0,0,0,0,0,0
Mockito/10,Extract Method	private propagateSerializationSettings(mockSettings MockSettings  parentMockSettings MockCreationSettings) : MockSettings extracted from private withSettingsUsing(returnTypeGenericMetadata GenericMetadataSupport) : MockSettings in class org.mockito.internal.stubbing.defaultanswers.ReturnsDeepStubs,EXTRACT_OPERATION,0,0,9,9,0,0,1,1,0,0,7,7,2,2,1,1,0,0,7,7,2,2,1,1,0,0
Mockito/10,Add Parameter	parentMock : Object in method private newDeepStubMock(returnTypeGenericMetadata GenericMetadataSupport  parentMock Object) : Object from class org.mockito.internal.stubbing.defaultanswers.ReturnsDeepStubs,ADD_PARAMETER,0,0,6,6,0,0,1,1,0,0,6,6,0,0,1,1,0,0,6,6,0,0,1,1,0,0
Mockito/10,Add Parameter	parentMockSettings : MockCreationSettings in method private withSettingsUsing(returnTypeGenericMetadata GenericMetadataSupport  parentMockSettings MockCreationSettings) : MockSettings from class org.mockito.internal.stubbing.defaultanswers.ReturnsDeepStubs,ADD_PARAMETER,0,0,9,9,0,0,1,1,0,0,7,7,2,2,1,1,0,0,7,7,2,2,1,1,0,0
Mockito/16,Inline Method	public mock(classToMock Class<T>  mockSettings MockSettings) : T inlined to public mock(classToMock Class<T>  mockSettings MockSettings  shouldResetOngoingStubbing boolean) : T in class org.mockito.internal.MockitoCore,INLINE_OPERATION,0,0,11,11,0,0,1,1,0,0,4,4,7,7,0,0,1,1,4,4,7,7,0,0,1,1
Mockito/19,Add Parameter	fields : List<Field> in method public filterCandidate(mocks Collection<Object>  field Field  fields List<Field>  fieldInstance Object) : OngoingInjecter from class org.mockito.internal.configuration.injection.filter.TypeBasedCandidateFilter,ADD_PARAMETER,0,0,14,14,0,0,1,1,0,0,14,14,0,0,1,1,0,0,14,14,0,0,1,1,0,0
Mockito/19,Add Parameter	fields : List<Field> in method public filterCandidate(mocks Collection<Object>  field Field  fields List<Field>  fieldInstance Object) : OngoingInjecter from class org.mockito.internal.configuration.injection.filter.FinalMockCandidateFilter,ADD_PARAMETER,17,2,29,12,0,0,3,1,0,0,29,12,0,0,3,1,0,0,29,12,0,0,3,1,0,0
Mockito/19,Add Parameter	fields : List<Field> in method public filterCandidate(mocks Collection<Object>  field Field  fields List<Field>  fieldInstance Object) : OngoingInjecter from class org.mockito.internal.configuration.injection.filter.NameBasedCandidateFilter,ADD_PARAMETER,0,0,17,17,0,0,1,1,0,0,17,17,0,0,1,1,0,0,17,17,0,0,1,1,0,0
Mockito/19,Rename Parameter	fieldInstance : Object to instance : Object in method public filterCandidate(mocks Collection<Object>  fieldToBeInjected Field  fields List<Field>  instance Object) : OngoingInjecter from class org.mockito.internal.configuration.injection.filter.MockCandidateFilter,RENAME_PARAMETER,0,0,2,2,0,0,0,0,0,0,2,2,0,0,0,0,0,0,2,2,0,0,0,0,0,0
Mockito/19,Add Parameter	fields : List<Field> in method public filterCandidate(mocks Collection<Object>  fieldToBeInjected Field  fields List<Field>  instance Object) : OngoingInjecter from class org.mockito.internal.configuration.injection.filter.MockCandidateFilter,ADD_PARAMETER,0,0,5,5,0,1,1,1,0,0,6,6,0,0,1,1,0,0,6,6,0,0,1,1,0,0
Mockito/21,Rename Method	private withOuterClass(cls Class<T>) : T renamed to private withParams(cls Class<T>  params Object...) : T in class org.mockito.internal.creation.instance.ConstructorInstantiator,RENAME_METHOD,0,0,10,10,0,8,1,1,0,0,17,17,5,1,1,1,0,0,12,12,1,6,1,1,0,0
Mockito/21,Add Parameter	params : Object... in method private withParams(cls Class<T>  params Object...) : T from class org.mockito.internal.creation.instance.ConstructorInstantiator,ADD_PARAMETER,0,0,10,10,0,8,1,1,0,0,17,17,5,1,1,1,0,0,12,12,1,6,1,1,0,0
Mockito/21,Add Method Modifier	static in method private withParams(cls Class<T>  params Object...) : T from class org.mockito.internal.creation.instance.ConstructorInstantiator,ADD_METHOD_MODIFIER,0,0,10,10,0,8,1,1,0,0,17,17,5,1,1,1,0,0,12,12,1,6,1,1,0,0
Mockito/23,Add Attribute Modifier	transient in attribute private mockitoCore : MockitoCore from class org.mockito.internal.stubbing.defaultanswers.ReturnsDeepStubs,ADD_ATTRIBUTE_MODIFIER,0,0,1,1,0,0,0,0,0,0,1,1,0,0,0,0,0,0,1,1,0,0,0,0,0,0
Mockito/23,Add Attribute Modifier	transient in attribute private delegate : ReturnsEmptyValues from class org.mockito.internal.stubbing.defaultanswers.ReturnsDeepStubs,ADD_ATTRIBUTE_MODIFIER,0,0,1,1,0,0,0,0,0,0,1,1,0,0,0,0,0,0,1,1,0,0,0,0,0,0
Mockito/25,Add Parameter	returnTypeGenericMetadata : GenericMetadataSupport in method private getMock(invocation InvocationOnMock  returnTypeGenericMetadata GenericMetadataSupport) : Object from class org.mockito.internal.stubbing.defaultanswers.ReturnsDeepStubs,ADD_PARAMETER,0,0,14,14,0,0,1,1,0,0,14,14,1,0,1,1,0,0,14,14,0,0,1,1,0,0
Mockito/25,Parameterize Variable	mock : Object to mock : Object in method private recordDeepStubMock(mock Object  container InvocationContainerImpl) : Object from class org.mockito.internal.stubbing.defaultanswers.ReturnsDeepStubs,PARAMETERIZE_VARIABLE,1,0,5,4,0,0,0,0,0,0,2,1,4,3,0,0,0,0,2,1,0,3,0,0,0,0
Mockito/25,Remove Parameter	invocation : InvocationOnMock in method private recordDeepStubMock(invocation InvocationOnMock  container InvocationContainerImpl) : Object from class org.mockito.internal.stubbing.defaultanswers.ReturnsDeepStubs,REMOVE_PARAMETER,7,1,17,10,0,0,2,1,0,0,14,7,13,3,2,1,0,0,14,7,1,3,2,1,0,0
Mockito/3,Extract Method	private uniqueMatcherSet(indexOfVararg int) : Set<Matcher> extracted from public captureArgumentsFrom(invocation Invocation) : void in class org.mockito.internal.invocation.InvocationMatcher,EXTRACT_OPERATION,0,0,28,28,1,1,1,1,0,0,25,25,8,4,1,1,0,0,28,28,1,1,1,1,0,0
Mockito/3,Rename Variable	m : Matcher to matcher : Matcher in method private uniqueMatcherSet(indexOfVararg int) : Set<Matcher> from class org.mockito.internal.invocation.InvocationMatcher,RENAME_VARIABLE,0,0,2,2,0,0,0,0,0,0,2,2,0,0,0,0,0,0,2,2,0,0,0,0,0,0
Mockito/30,Add Parameter	obj : Object in method public smartNullPointerException(obj Object  location Location) : void from class org.mockito.exceptions.Reporter,ADD_PARAMETER,0,0,6,6,0,0,1,1,0,0,1,1,2,5,0,0,0,1,6,6,0,0,1,1,0,0
Mockito/5,Change Variable Type	e : ArgumentsAreDifferent to e : AssertionError in method public verify(data VerificationData) : void from class org.mockito.internal.verification.VerificationOverTimeImpl,CHANGE_VARIABLE_TYPE,0,0,1,1,0,0,0,0,0,0,1,1,0,0,0,0,0,0,1,1,0,0,0,0,0,0
Time/20,Extract Variable	best : String in method public parseInto(bucket DateTimeParserBucket  text String  position int) : int from class org.joda.time.format.DateTimeFormatterBuilder.TimeZoneId,EXTRACT_VARIABLE,0,0,4,4,0,0,0,0,0,0,2,2,4,2,0,0,0,0,2,2,3,2,0,0,0,0
Time/5,Extract Variable	totalMonths : long in method public normalizedStandard(type PeriodType) : Period from class org.joda.time.Period,EXTRACT_VARIABLE,0,0,4,4,0,0,0,0,0,0,0,0,7,4,0,0,0,0,0,0,6,4,0,0,0,0
Time/5,Extract Variable	normalizedYears : int in method public normalizedStandard(type PeriodType) : Period from class org.joda.time.Period,EXTRACT_VARIABLE,0,0,2,2,0,0,0,0,0,0,0,0,7,2,0,0,0,0,0,0,6,2,0,0,0,0
Time/8,Split Conditional	if(minutesOffset < 0 || minutesOffset > 59) to [if(hoursOffset > 0 && minutesOffset < 0)  if(minutesOffset < -59 || minutesOffset > 59)] in method public forOffsetHoursMinutes(hoursOffset int  minutesOffset int) : DateTimeZone from class org.joda.time.DateTimeZone,SPLIT_CONDITIONAL,0,0,32,32,0,0,1,1,0,0,32,32,0,0,1,1,0,0,28,28,3,4,1,1,0,0
