url,srcFileName,ignoredMappings,ignoredElements,RMD_TP_raw_abstractMapping,RMD_TP_abstractMapping,RMD_FP_abstractMapping,RMD_FN_abstractMapping,RMD_TP_raw_programElement,RMD_TP_programElement,RMD_FP_programElement,RMD_FN_programElement,GTG_TP_raw_abstractMapping,GTG_TP_abstractMapping,GTG_FP_abstractMapping,GTG_FN_abstractMapping,GTG_TP_raw_programElement,GTG_TP_programElement,GTG_FP_programElement,GTG_FN_programElement,GTS_TP_raw_abstractMapping,GTS_TP_abstractMapping,GTS_FP_abstractMapping,GTS_FN_abstractMapping,GTS_TP_raw_programElement,GTS_TP_programElement,GTS_FP_programElement,GTS_FN_programElement,IJM_TP_raw_abstractMapping,IJM_TP_abstractMapping,IJM_FP_abstractMapping,IJM_FN_abstractMapping,IJM_TP_raw_programElement,IJM_TP_programElement,IJM_FP_programElement,IJM_FN_programElement,MTD_TP_raw_abstractMapping,MTD_TP_abstractMapping,MTD_FP_abstractMapping,MTD_FN_abstractMapping,MTD_TP_raw_programElement,MTD_TP_programElement,MTD_FP_programElement,MTD_FN_programElement,GT2_TP_raw_abstractMapping,GT2_TP_abstractMapping,GT2_FP_abstractMapping,GT2_FN_abstractMapping,GT2_TP_raw_programElement,GT2_TP_programElement,GT2_FP_programElement,GT2_FN_programElement
https://github.com/Activiti/Activiti/commit/a70ca1d9ad2ea07b19c5e1f9540c809d7a12d3fb,modules.activiti-engine.src.main.java.org.activiti.engine.impl.db.DbSqlSession,874,144,916,42,0,0,146,2,0,0,902,28,3,14,145,1,1,1,909,35,2,7,145,1,1,1,906,32,2,10,146,2,0,0,904,30,5,12,145,1,1,1,902,28,1,14,145,1,1,1
https://github.com/Activiti/Activiti/commit/ca7d0c3b33a0863bed04c77932b9ef6b1317f34e,modules.activiti-engine.src.main.java.org.activiti.engine.impl.persistence.entity.UserEntityTest,22,12,22,0,0,0,12,0,0,0,22,0,0,0,12,0,0,0,22,0,0,0,12,0,0,0,22,0,0,0,12,0,0,0,22,0,0,0,12,0,0,0,22,0,0,0,12,0,0,0
https://github.com/Alluxio/alluxio/commit/0ba343846f21649e29ffc600f30a7f3e463fb24c,servers.src.main.java.tachyon.worker.block.meta.BlockMeta,0,0,11,11,0,2,10,10,0,0,3,3,0,10,3,3,0,7,3,3,0,10,3,3,0,7,3,3,0,10,2,2,1,8,3,3,1,10,3,3,1,7,3,3,1,10,3,3,0,7
https://github.com/Alluxio/alluxio/commit/0ba343846f21649e29ffc600f30a7f3e463fb24c,servers.src.main.java.tachyon.worker.block.meta.TempBlockMeta,0,0,2,2,0,0,2,2,0,0,0,0,0,2,1,1,0,1,0,0,0,2,0,0,0,2,0,0,0,2,1,1,0,1,0,0,0,2,1,1,0,1,0,0,0,2,1,1,0,1
https://github.com/Alluxio/alluxio/commit/5b184ac783784c1ca4baf1437888c79bd9460763,servers.src.main.java.tachyon.worker.block.evictor.LRUEvictor,40,13,114,74,0,0,16,3,0,0,113,73,1,1,15,2,1,1,113,73,1,1,15,2,1,1,114,74,0,0,16,3,0,0,113,73,1,1,15,2,1,1,113,73,1,1,15,2,1,1
https://github.com/Alluxio/alluxio/commit/9aeefcd8120bb3b89cdb437d8c32d2ed84b8a825,servers.src.main.java.tachyon.worker.block.allocator.MaxFreeAllocator,2,2,31,29,0,0,4,2,0,0,23,21,3,8,4,2,0,0,23,21,1,8,4,2,0,0,17,15,4,14,4,2,0,0,14,12,7,17,3,1,1,1,23,21,3,8,4,2,0,0
https://github.com/Alluxio/alluxio/commit/b0938501f1014cf663e33b44ed5bb9b24d19a358,clients.unshaded.src.main.java.tachyon.client.RemoteBlockOutStream,15,12,91,76,0,0,23,11,0,0,91,76,0,0,23,11,0,0,91,76,0,0,21,9,0,2,91,76,0,0,23,11,0,0,91,76,0,0,23,11,0,0,91,76,0,0,23,11,0,0
https://github.com/Alluxio/alluxio/commit/b0938501f1014cf663e33b44ed5bb9b24d19a358,integration-tests.src.test.java.tachyon.client.BlockOutStreamIntegrationTest,5,3,21,16,0,0,6,3,0,0,9,4,9,12,4,1,1,2,8,3,5,13,4,1,1,2,13,8,0,8,6,3,0,0,13,8,7,8,5,2,1,1,13,8,3,8,4,1,1,2
https://github.com/AsyncHttpClient/async-http-client/commit/f01d8610b9ceebc1de59d42f569b8af3efbe0a0f,api.src.main.java.org.asynchttpclient.oauth.OAuthSignatureCalculator,91,32,132,41,0,0,38,6,0,0,128,37,3,4,37,5,1,1,129,38,3,3,37,5,1,1,126,35,2,6,38,6,0,0,130,39,2,2,38,6,0,0,128,37,3,4,37,5,1,1
https://github.com/AsyncHttpClient/async-http-client/commit/f01d8610b9ceebc1de59d42f569b8af3efbe0a0f,api.src.test.java.org.asynchttpclient.oauth.OAuthSignatureCalculatorTest,60,15,60,0,0,0,16,1,0,0,60,0,0,0,16,1,0,0,60,0,0,0,16,1,0,0,60,0,0,0,16,1,0,0,60,0,0,0,16,1,0,0,60,0,0,0,16,1,0,0
https://github.com/Athou/commafeed/commit/18a7bd1fd1a83b3b8d1b245e32f78c0b4443b7a7,src.main.java.com.commafeed.backend.favicon.DefaultFaviconFetcher,54,3,75,21,0,0,5,2,0,0,72,18,2,3,4,1,1,1,72,18,2,3,4,1,1,1,74,20,0,1,5,2,0,0,72,18,2,3,4,1,1,1,72,18,2,3,4,1,1,1
https://github.com/Atmosphere/atmosphere/commit/69c229b7611ff8c6a20ff2d4da917a68c1cde64a,modules.cpr.src.main.java.org.atmosphere.inject.InjectableObjectFactory,107,16,123,16,0,0,19,3,0,0,111,4,0,12,18,2,0,1,110,3,0,13,18,2,0,1,110,3,1,13,18,2,0,1,111,4,0,12,18,2,0,1,111,4,0,12,18,2,0,1
https://github.com/Atmosphere/atmosphere/commit/69c229b7611ff8c6a20ff2d4da917a68c1cde64a,modules.cpr.src.main.java.org.atmosphere.util.Utils,139,18,151,12,0,0,20,2,0,0,139,0,0,12,19,1,0,1,139,0,0,12,19,1,0,1,139,0,0,12,19,1,0,1,139,0,0,12,19,1,0,1,139,0,0,12,19,1,0,1
https://github.com/BroadleafCommerce/BroadleafCommerce/commit/4ef35268bb96bb78b2dc698fa68e7ce763cde32e,admin.broadleaf-open-admin-platform.src.main.java.org.broadleafcommerce.openadmin.dto.BasicFieldMetadata,431,169,514,83,0,1,174,5,0,0,510,79,0,5,171,2,0,3,510,79,0,5,171,2,0,3,510,79,0,5,171,2,0,3,510,79,0,5,171,2,0,3,510,79,0,5,171,2,0,3
https://github.com/BroadleafCommerce/BroadleafCommerce/commit/4ef35268bb96bb78b2dc698fa68e7ce763cde32e,admin.broadleaf-open-admin-platform.src.main.java.org.broadleafcommerce.openadmin.dto.FieldMetadata,131,56,157,26,0,1,61,5,0,0,153,22,0,5,58,2,0,3,153,22,0,5,58,2,0,3,153,22,0,5,58,2,0,3,153,22,0,5,58,2,0,3,153,22,0,5,58,2,0,3
https://github.com/BroadleafCommerce/BroadleafCommerce/commit/9687048f76519fc89b4151cbe2841bbba61a401d,admin.broadleaf-open-admin-platform.src.main.java.org.broadleafcommerce.openadmin.web.controller.AdminAbstractController,226,40,249,23,0,0,42,2,0,0,246,20,3,3,41,1,1,1,246,20,3,3,41,1,1,1,246,20,1,3,42,2,0,0,238,12,3,11,41,1,1,1,244,18,5,5,41,1,1,1
https://github.com/CellularPrivacy/Android-IMSI-Catcher-Detector/commit/e235f884f2e0bc258da77b9c80492ad33386fa86,app.src.main.java.com.SecUpwN.AIMSICD.adapters.AIMSICDDbAdapter,453,59,474,21,0,0,62,3,0,0,473,20,0,1,61,2,0,1,473,20,1,1,61,2,1,1,474,21,0,0,62,3,0,0,473,20,1,1,61,2,1,1,474,21,0,0,62,3,0,0
https://github.com/CyanogenMod/android_frameworks_base/commit/15fd4f9caea01e53725086e290d3b35ec4bd4cd9,packages.Keyguard.src.com.android.keyguard.KeyguardAbsKeyInputView,77,35,85,8,0,0,37,2,0,0,83,6,2,2,36,1,1,1,83,6,2,2,36,1,1,1,84,7,1,1,37,2,0,0,84,7,1,1,36,1,1,1,84,7,1,1,36,1,1,1
https://github.com/CyanogenMod/android_frameworks_base/commit/15fd4f9caea01e53725086e290d3b35ec4bd4cd9,packages.Keyguard.src.com.android.keyguard.KeyguardSimPinView,195,44,203,8,0,0,46,2,0,0,203,8,0,0,46,2,0,0,202,7,0,1,46,2,0,0,203,8,0,0,46,2,0,0,203,8,0,0,46,2,0,0,203,8,0,0,46,2,0,0
https://github.com/CyanogenMod/android_frameworks_base/commit/4587c32ab8a1c8e2169e4f93491a8c927216a6ab,packages.SystemUI.src.com.android.systemui.usb.StorageNotification,197,19,208,11,0,0,21,2,0,0,207,10,1,1,20,1,1,1,207,10,1,1,20,1,1,1,207,10,1,1,21,2,0,0,207,10,1,1,20,1,1,1,207,10,1,1,20,1,1,1
https://github.com/CyanogenMod/android_frameworks_base/commit/658a918eebcbdeb4f920c2947ca8d0e79ad86d89,packages.SystemUI.src.com.android.systemui.statusbar.phone.PhoneStatusBar,2730,553,2994,264,0,0,559,6,0,0,2994,264,0,0,559,6,0,0,2994,264,0,0,559,6,0,0,2989,259,0,5,559,6,0,0,2989,259,1,5,559,6,0,0,2994,264,1,0,559,6,0,0
https://github.com/CyanogenMod/android_frameworks_base/commit/76331570e68446c17e4ff5287f5b7b2b6b472895,packages.Keyguard.src.com.android.keyguard.KeyguardUpdateMonitor,844,178,848,4,0,0,180,2,0,0,847,3,1,1,179,1,1,1,847,3,1,1,179,1,1,1,848,4,0,0,180,2,0,0,847,3,1,1,179,1,1,1,847,3,1,1,179,1,1,1
https://github.com/CyanogenMod/android_frameworks_base/commit/76331570e68446c17e4ff5287f5b7b2b6b472895,packages.SystemUI.src.com.android.systemui.keyguard.KeyguardViewMediator,857,171,882,25,0,0,173,2,0,0,882,25,0,0,173,2,0,0,880,23,0,2,173,2,0,0,882,25,0,0,173,2,0,0,882,25,0,0,173,2,0,0,882,25,0,0,173,2,0,0
https://github.com/CyanogenMod/android_frameworks_base/commit/96a2c3410f3c71d3ab20857036422f1d64c3a6d3,services.core.java.com.android.server.power.PowerManagerService,1974,348,2001,27,0,0,353,5,0,0,2000,26,1,1,352,4,1,1,2000,26,1,1,352,4,1,1,2000,26,1,1,353,5,0,0,2000,26,1,1,352,4,1,1,2000,26,1,1,352,4,1,1
https://github.com/CyanogenMod/android_frameworks_base/commit/f166866cd68efa963534c5bc7fc9ca38e4aa2838,core.java.android.text.format.DateFormat,256,41,284,28,0,0,43,2,0,0,281,25,1,3,42,1,1,1,284,28,0,0,43,2,0,0,283,27,0,1,43,2,0,0,281,25,1,3,42,1,1,1,281,25,1,3,42,1,1,1
https://github.com/CyanogenMod/android_frameworks_base/commit/f166866cd68efa963534c5bc7fc9ca38e4aa2838,packages.SettingsProvider.src.com.android.providers.settings.DatabaseHelper,1808,55,1846,38,0,1,57,2,0,0,1847,39,0,0,57,2,0,0,1846,38,0,1,57,2,0,0,1847,39,0,0,57,2,0,0,1847,39,0,0,57,2,0,0,1847,39,0,0,57,2,0,0
https://github.com/CyanogenMod/android_frameworks_base/commit/f1b8ae1c44e6ba46118c2f66eae1725259acdccc,core.java.com.android.internal.widget.LockPatternUtils,904,184,912,8,0,0,186,2,0,0,911,7,3,1,185,1,1,1,911,7,1,1,185,1,1,1,908,4,0,4,186,2,0,0,911,7,3,1,185,1,1,1,911,7,1,1,185,1,0,1
https://github.com/CyanogenMod/android_frameworks_base/commit/f1b8ae1c44e6ba46118c2f66eae1725259acdccc,core.java.com.android.internal.widget.LockPatternView,607,141,627,20,0,0,146,5,0,0,626,19,1,1,145,4,1,1,626,19,1,1,145,4,1,1,625,18,0,2,146,5,0,0,625,18,1,2,145,4,1,1,626,19,1,1,146,5,0,0
https://github.com/FasterXML/jackson-databind/commit/cfe88fe3fbcc6b02ca55cee7b1f4ab13e249edea,src.main.java.com.fasterxml.jackson.databind.type.TypeFactory,505,67,546,41,0,0,72,5,0,0,542,37,3,4,71,4,1,1,542,37,3,4,71,4,1,1,544,39,2,2,72,5,0,0,542,37,3,4,69,2,3,3,543,38,3,3,71,4,1,1
https://github.com/HdrHistogram/HdrHistogram/commit/0e65ac4da70c6ca5c67bb8418e67db914218042f,src.main.java.org.HdrHistogram.HistogramLogProcessor,76,19,177,101,0,0,21,2,0,0,177,101,0,0,21,2,0,0,176,100,0,1,21,2,0,0,174,98,1,3,21,2,0,0,173,97,2,4,21,2,0,0,177,101,0,0,21,2,0,0
https://github.com/JetBrains/MPS/commit/61b5decd4a4e5e6bbdea99eb76f136ca10915b73,editor.editor-runtime.source.jetbrains.mps.nodeEditor.cellProviders.AbstractCellListHandler,55,21,59,4,0,0,24,3,0,0,58,3,1,1,23,2,1,1,58,3,1,1,23,2,1,1,58,3,1,1,24,3,0,0,58,3,1,1,24,3,0,0,58,3,1,1,22,1,1,2
https://github.com/JetBrains/MPS/commit/ce4b0e22659c16ae83d421f9621fd3e922750764,core.project.source.jetbrains.mps.project.AbstractModule,516,77,533,17,0,0,79,2,0,0,532,16,1,1,78,1,1,1,532,16,1,1,78,1,1,1,529,13,0,4,79,2,0,0,531,15,1,2,78,1,1,1,532,16,1,1,78,1,1,1
https://github.com/JetBrains/MPS/commit/ce4b0e22659c16ae83d421f9621fd3e922750764,core.project.source.jetbrains.mps.smodel.Generator,107,27,113,6,0,0,29,2,0,0,112,5,1,1,29,2,0,0,112,5,1,1,29,2,0,0,112,5,1,1,29,2,0,0,113,6,0,0,29,2,0,0,112,5,1,1,29,2,0,0
https://github.com/JetBrains/intellij-community/commit/04397f41107bd6de41b31d45a4e8e2ed65628bbe,java.java-impl.src.com.intellij.testIntegration.createTest.CreateTestAction,71,10,79,8,0,0,12,2,0,0,78,7,2,1,11,1,1,1,78,7,2,1,11,1,1,1,75,4,0,4,12,2,0,0,78,7,2,1,11,1,1,1,78,7,2,1,11,1,1,1
https://github.com/JetBrains/intellij-community/commit/138911ce88b05039242b8d1b2bb5b7a59008f5ee,platform.lang-impl.src.com.intellij.codeInsight.documentation.DocumentationComponent,454,126,521,67,0,0,128,2,0,0,521,67,0,0,128,2,0,0,521,67,0,0,128,2,0,0,521,67,0,0,128,2,0,0,521,67,0,0,128,2,0,0,521,67,0,0,128,2,0,0
https://github.com/JetBrains/intellij-community/commit/138911ce88b05039242b8d1b2bb5b7a59008f5ee,platform.util.src.com.intellij.util.ui.UIUtil,1934,393,1947,13,0,0,395,2,0,0,1946,12,1,1,394,1,1,1,1946,12,1,1,394,1,1,1,1944,10,0,3,395,2,0,0,1946,12,1,1,394,1,1,1,1946,12,1,1,394,1,1,1
https://github.com/JetBrains/intellij-community/commit/33b0ac3a029845f9c20f7f5967c03b31b24f3b4b,platform.indexing-api.src.com.intellij.util.indexing.FileBasedIndex,17,29,33,16,0,0,32,3,0,0,17,0,0,16,30,1,0,2,17,0,0,16,30,1,0,2,17,0,0,16,30,1,0,2,17,0,0,16,30,1,0,2,17,0,0,16,30,1,0,2
https://github.com/JetBrains/intellij-community/commit/33b0ac3a029845f9c20f7f5967c03b31b24f3b4b,platform.lang-impl.src.com.intellij.util.indexing.FileBasedIndexImpl,1654,280,1670,16,0,0,283,3,0,0,1654,0,0,16,281,1,0,2,1654,0,0,16,281,1,0,2,1654,0,0,16,281,1,0,2,1654,0,0,16,281,1,0,2,1654,0,0,16,281,1,0,2
https://github.com/JetBrains/intellij-community/commit/61215911ef28ca783c5106d7c01e74cf3000a866,plugins.svn4idea.src.org.jetbrains.idea.svn.commandLine.Command,90,47,94,4,0,0,50,3,0,0,94,4,0,0,50,3,0,0,94,4,0,0,50,3,0,0,94,4,0,0,50,3,0,0,94,4,0,0,50,3,0,0,94,4,0,0,50,3,0,0
https://github.com/JetBrains/intellij-community/commit/61215911ef28ca783c5106d7c01e74cf3000a866,plugins.svn4idea.src.org.jetbrains.idea.svn.commandLine.CommandUtil,113,20,124,11,0,0,22,2,0,0,122,9,1,2,21,1,1,1,122,9,1,2,21,1,1,1,122,9,0,2,22,2,0,0,122,9,1,2,21,1,1,1,122,9,1,2,21,1,1,1
https://github.com/JetBrains/intellij-community/commit/619a6012da868d0d42d9628460f2264effe9bdba,platform.lang-impl.src.com.intellij.ide.util.gotoByName.ChooseByNameBase,1005,204,1071,66,0,0,215,11,0,0,1070,65,0,1,215,11,0,0,1070,65,0,1,215,11,0,0,1066,61,3,5,214,10,0,1,1067,62,3,4,214,10,1,1,1070,65,3,1,215,11,0,0
https://github.com/JetBrains/intellij-community/commit/6905d569a1e39d0d7b1ec5ceee4f0bbe60b85947,python.educational.src.com.jetbrains.edu.courseFormat.Lesson,28,18,28,0,0,0,19,1,0,0,28,0,0,0,19,1,0,0,28,0,0,0,19,1,0,0,28,0,0,0,19,1,0,0,28,0,0,0,19,1,0,0,28,0,0,0,19,1,0,0
https://github.com/JetBrains/intellij-community/commit/6905d569a1e39d0d7b1ec5ceee4f0bbe60b85947,python.educational.src.com.jetbrains.edu.courseFormat.Task,107,30,107,0,0,0,31,1,0,0,107,0,0,0,31,1,0,0,107,0,0,0,31,1,0,0,107,0,0,0,31,1,0,0,107,0,0,0,31,1,0,0,107,0,0,0,31,1,0,0
https://github.com/JetBrains/intellij-community/commit/6b90205e9f7bbd1570f600d3812fd3efa1a0597e,platform.lang-impl.src.com.intellij.execution.console.RunIdeConsoleAction,123,29,155,32,0,0,44,15,0,0,133,10,0,22,31,2,0,13,133,10,0,22,31,2,0,13,133,10,0,22,31,2,0,13,133,10,0,22,30,1,1,14,133,10,0,22,31,2,0,13
https://github.com/JetBrains/intellij-community/commit/7dd55014f9840ce03867bb175cf37a4c151dc806,platform.platform-impl.src.com.intellij.openapi.options.ex.ConfigurableCardPanel,0,1,52,52,0,0,7,6,0,0,52,52,0,0,7,6,0,0,52,52,0,0,7,6,0,0,52,52,0,0,7,6,0,0,52,52,0,0,6,5,1,1,52,52,0,0,7,6,0,0
https://github.com/JetBrains/intellij-community/commit/7dd55014f9840ce03867bb175cf37a4c151dc806,platform.platform-impl.src.com.intellij.openapi.options.ex.ConfigurableWrapper,145,33,168,23,0,0,36,3,0,0,168,23,0,0,36,3,0,0,168,23,0,0,36,3,0,0,167,22,0,1,36,3,0,0,166,21,2,2,35,2,1,1,167,22,1,1,36,3,0,0
https://github.com/JetBrains/intellij-community/commit/7ed3f273ab0caf0337c22f0b721d51829bb0c877,python.educational.src.com.jetbrains.edu.stepic.EduStepicConnector,202,68,220,18,0,0,71,3,0,0,216,14,2,4,70,2,1,1,218,16,2,2,70,2,1,1,218,16,0,2,71,3,0,0,217,15,1,3,70,2,1,1,215,13,3,5,70,2,1,1
https://github.com/JetBrains/intellij-community/commit/8d7a26edd1fedb9505b4f2b4fe57b2d2958b4dd9,platform.vcs-impl.src.com.intellij.openapi.vcs.history.FileHistoryPanelImpl,927,241,1028,101,0,1,249,8,0,0,1024,97,2,5,249,8,0,0,1024,97,2,5,249,8,0,0,1024,97,1,5,249,8,0,0,1024,97,2,5,249,8,0,0,1024,97,1,5,249,8,0,0
https://github.com/JetBrains/intellij-community/commit/97811cf971f7ccf6a5fc5e90a491db2f58d49da1,jps.jps-builders.src.org.jetbrains.jps.cmdline.BuildMain,174,21,229,55,0,0,39,18,0,0,177,3,0,52,22,1,0,17,176,2,0,53,22,1,0,17,177,3,0,52,22,1,0,17,177,3,0,52,21,0,1,18,177,3,0,52,22,1,0,17
https://github.com/JetBrains/intellij-community/commit/97811cf971f7ccf6a5fc5e90a491db2f58d49da1,jps.standalone-builder.src.org.jetbrains.jps.build.Standalone,110,17,110,0,0,0,18,1,0,0,110,0,0,0,18,1,0,0,110,0,0,0,18,1,0,0,110,0,0,0,18,1,0,0,110,0,0,0,18,1,0,0,110,0,0,0,18,1,0,0
https://github.com/JetBrains/intellij-community/commit/98ecc4cfd927f388645f6a6bc492c80868b1a11d,plugins.properties.src.com.intellij.lang.properties.create.CreateResourceBundleDialogComponent,238,57,244,6,0,0,60,3,0,0,244,6,0,0,60,3,0,0,243,5,0,1,60,3,0,0,243,5,0,1,60,3,0,0,243,5,0,1,59,2,1,1,244,6,0,0,60,3,0,0
https://github.com/JetBrains/intellij-community/commit/9fbf6b852bd9766060307aff960fb597d55e24d3,platform.util.src.com.intellij.util.io.CachingEnumerator,13,10,84,71,0,0,14,4,0,0,81,68,2,3,13,3,1,1,81,68,2,3,13,3,1,1,80,67,2,4,14,4,0,0,82,69,1,2,12,2,2,2,80,67,2,4,13,3,1,1
https://github.com/JetBrains/intellij-community/commit/a9379ee529ed87e28c0736c3c6657dcd6a0680e4,platform.util.src.com.intellij.openapi.util.io.FileUtil,936,146,1008,72,0,0,150,4,0,0,1007,71,1,1,149,3,1,1,1005,69,1,3,149,3,1,1,997,61,0,11,150,4,0,0,1006,70,2,2,148,2,2,2,1007,71,1,1,149,3,1,1
https://github.com/JetBrains/intellij-community/commit/a9379ee529ed87e28c0736c3c6657dcd6a0680e4,platform.util.testSrc.com.intellij.openapi.util.io.FileUtilHeavyTest,114,33,114,0,0,0,34,1,0,0,114,0,0,0,34,1,0,0,114,0,0,0,34,1,0,0,114,0,0,0,34,1,0,0,114,0,0,0,34,1,0,0,114,0,0,0,34,1,0,0
https://github.com/JetBrains/intellij-community/commit/a97341973c3b683d62d1422e5404ed5c7ccf45f8,plugins.javaFX.javaFX-CE.testSrc.org.jetbrains.plugins.javaFX.fxml.JavaFXRenameTest,41,12,41,0,0,0,13,1,0,0,41,0,0,0,13,1,0,0,41,0,0,0,13,1,0,0,41,0,0,0,13,1,0,0,41,0,0,0,13,1,0,0,41,0,0,0,13,1,0,0
https://github.com/JetBrains/intellij-community/commit/a97341973c3b683d62d1422e5404ed5c7ccf45f8,plugins.javaFX.src.org.jetbrains.plugins.javaFX.fxml.refs.FxmlReferencesContributor,71,15,81,10,0,0,20,5,0,0,80,9,1,1,20,5,0,0,78,7,1,3,20,5,0,0,79,8,2,2,20,5,0,0,78,7,3,3,19,4,1,1,80,9,1,1,20,5,0,0
https://github.com/JetBrains/intellij-community/commit/af618666043f21b3db7e6a1be2aa225ae0f432b4,platform.platform-impl.src.com.intellij.openapi.editor.impl.EditorGutterComponentImpl,1009,155,1039,30,0,0,158,3,0,0,1039,30,0,0,158,3,0,0,1039,30,0,0,158,3,0,0,1039,30,0,0,158,3,0,0,1039,30,0,0,157,2,1,1,1039,30,0,0,158,3,0,0
https://github.com/JetBrains/intellij-community/commit/d71154ed21e2d5c65bb0ddb000bcb04ca5735048,platform.platform-impl.src.org.jetbrains.io.JsonReaderEx,963,108,963,0,0,0,110,2,0,0,963,0,0,0,110,2,0,0,963,0,0,0,110,2,0,0,963,0,0,0,110,2,0,0,963,0,0,0,110,2,0,0,963,0,0,0,110,2,0,0
https://github.com/JetBrains/intellij-community/commit/d71154ed21e2d5c65bb0ddb000bcb04ca5735048,platform.script-debugger.backend.src.org.jetbrains.debugger.sourcemap.SourceResolver,89,22,133,44,0,0,24,2,0,0,133,44,0,0,24,2,0,0,133,44,0,0,24,2,0,0,133,44,0,0,24,2,0,0,133,44,0,0,23,1,1,1,133,44,0,0,24,2,0,0
https://github.com/JetBrains/intellij-community/commit/e1625136ba12907696ef4c6e922ce073293f3a2c,plugins.maven.src.main.java.org.jetbrains.idea.maven.project.MavenProject,629,145,657,28,0,0,147,2,0,0,653,24,1,4,147,2,0,0,656,27,1,1,147,2,0,0,647,18,1,10,147,2,0,0,645,16,7,12,146,1,1,1,647,18,1,10,147,2,0,0
https://github.com/JetBrains/intellij-community/commit/e1f0dbc2f09541fc64ce88ee22d8f8f4648004fe,plugins.maven.src.main.java.org.jetbrains.idea.maven.utils.library.RepositoryAttachHandler,226,20,247,21,0,0,23,3,0,0,245,19,2,2,22,2,1,1,244,18,2,3,22,2,1,1,234,8,1,13,22,2,0,1,246,20,1,1,22,2,1,1,244,18,2,3,22,2,1,1
https://github.com/JetBrains/intellij-plugins/commit/0df7cb00757fe0d4fac8d8b0d5fc46af95feb238,Dart.src.com.jetbrains.lang.dart.analyzer.DartAnalysisServerService,707,153,707,0,0,0,155,2,0,0,707,0,0,0,155,2,0,0,707,0,0,0,155,2,0,0,707,0,0,0,155,2,0,0,707,0,0,0,155,2,0,0,707,0,0,0,155,2,0,0
https://github.com/JetBrains/intellij-plugins/commit/0df7cb00757fe0d4fac8d8b0d5fc46af95feb238,Dart.src.com.jetbrains.lang.dart.resolve.DartResolver,154,10,173,19,0,1,12,2,0,0,171,17,1,3,12,2,0,0,171,17,2,3,12,2,0,0,170,16,1,4,12,2,0,0,170,16,3,4,11,1,1,1,169,15,1,5,12,2,0,0
https://github.com/JetBrains/intellij-plugins/commit/83b3092c1ee11b70489732f9e69b8e01c2a966f0,Dart.src.com.jetbrains.lang.dart.analyzer.DartAnalysisServerService,681,157,764,83,0,0,165,8,0,0,762,81,3,2,165,8,0,0,761,80,4,3,165,8,0,0,762,81,3,2,165,8,0,0,761,80,2,3,164,7,1,1,762,81,3,2,165,8,0,0
https://github.com/JetBrains/intellij-plugins/commit/83b3092c1ee11b70489732f9e69b8e01c2a966f0,Dart.src.com.jetbrains.lang.dart.ide.actions.AbstractDartFileProcessingAction,115,15,115,0,0,0,15,0,0,0,115,0,0,0,15,0,0,0,115,0,0,0,15,0,0,0,115,0,0,0,15,0,0,0,115,0,0,0,15,0,0,0,115,0,0,0,15,0,0,0
https://github.com/JoanZapata/android-iconify/commit/eb500cca282e39d01a9882e1d0a83186da6d1a26,android-iconify.src.main.java.com.joanzapata.android.iconify.Iconify,43,16,45,2,0,0,20,4,0,0,43,0,0,2,18,2,0,2,45,2,0,0,19,3,0,1,45,2,0,0,20,4,0,0,45,2,0,0,20,4,0,0,42,-1,0,3,15,-1,0,5
https://github.com/JoanZapata/android-iconify/commit/eb500cca282e39d01a9882e1d0a83186da6d1a26,android-iconify.src.main.java.com.joanzapata.android.iconify.Utils,17,6,65,48,0,0,9,3,0,0,61,44,0,4,9,3,0,0,60,43,0,5,9,3,0,0,59,42,1,6,9,3,0,0,58,41,2,7,8,2,1,1,58,41,1,7,8,2,1,1
https://github.com/MovingBlocks/Terasology/commit/8f63cc5c8edb8e740026447bc4827f8e8e6c34b1,engine.src.main.java.org.terasology.rendering.nui.layers.mainMenu.PreviewWorldScreen,57,26,115,58,0,1,30,4,0,0,115,58,0,1,30,4,0,0,116,59,0,0,30,4,0,0,113,56,0,3,30,4,0,0,113,56,1,3,29,3,1,1,115,58,0,1,30,4,0,0
https://github.com/MovingBlocks/Terasology/commit/dbd2d5048ae5e30fec98ddd969b6c1e91183fb65,engine.src.main.java.org.terasology.engine.modes.loadProcesses.InitialiseRemoteWorld,7,5,33,26,0,0,7,2,0,0,33,26,0,0,7,2,0,0,33,26,0,0,7,2,0,0,33,26,0,0,7,2,0,0,33,26,0,0,7,2,0,0,33,26,0,0,7,2,0,0
https://github.com/MovingBlocks/Terasology/commit/dbd2d5048ae5e30fec98ddd969b6c1e91183fb65,engine.src.main.java.org.terasology.world.chunks.remoteChunkProvider.RemoteChunkProvider,158,45,162,4,0,0,51,6,0,0,162,4,0,0,49,4,0,2,162,4,0,0,49,4,0,2,162,4,0,0,49,4,0,2,162,4,0,0,49,4,0,2,162,4,0,0,49,4,0,2
https://github.com/Netflix/eureka/commit/1cacbe2ad700275bc575234ff2b32ee0d6493817,eureka-client.src.main.java.com.netflix.discovery.DiscoveryClient,1036,122,1041,5,0,0,125,3,0,0,1039,3,1,2,124,2,0,1,1040,4,1,1,125,3,0,0,1038,2,1,3,125,3,0,0,1037,1,2,4,124,2,1,1,1040,4,0,1,125,3,0,0
https://github.com/Netflix/eureka/commit/1cacbe2ad700275bc575234ff2b32ee0d6493817,eureka-client.src.main.java.com.netflix.discovery.StatusChangeEvent,11,7,11,0,0,0,8,1,0,0,11,0,0,0,8,1,0,0,11,0,0,0,8,1,0,0,11,0,0,0,8,1,0,0,11,0,0,0,8,1,0,0,11,0,0,0,8,1,0,0
https://github.com/Netflix/eureka/commit/f6212a7e474f812f31ddbce6d4f7a7a0d498b751,eureka-client.src.main.java.com.netflix.discovery.DiscoveryClient,987,120,1038,51,0,0,123,3,0,0,1037,50,2,1,123,3,0,0,1037,50,2,1,123,3,0,0,1033,46,2,5,123,3,0,0,1032,45,2,6,123,3,0,0,1034,47,1,4,123,3,0,0
https://github.com/SonarSource/sonarqube/commit/0d9fcaa4415ee996e423a97cfe0d965586ca59a5,sonar-batch.src.main.java.org.sonar.batch.bootstrapper.Batch,70,28,81,11,0,0,31,3,0,0,78,8,1,3,30,2,1,1,79,9,1,2,30,2,1,1,78,8,0,3,31,3,0,0,78,8,2,3,30,2,1,1,78,8,1,3,30,2,1,1
https://github.com/SonarSource/sonarqube/commit/7668c875dfa7240b1ec08eb60b42107bae1b4cd3,server.sonar-server.src.main.java.org.sonar.server.computation.step.PersistComponentsStep,157,22,171,14,0,0,28,6,0,0,171,14,0,0,28,6,0,0,171,14,0,0,28,6,0,0,169,12,0,2,27,5,0,1,169,12,0,2,27,5,0,1,169,12,0,2,27,5,0,1
https://github.com/SonarSource/sonarqube/commit/7668c875dfa7240b1ec08eb60b42107bae1b4cd3,server.sonar-server.src.test.java.org.sonar.server.computation.step.PersistComponentsStepTest,250,21,322,72,0,0,25,4,0,0,322,72,0,0,25,4,0,0,322,72,0,0,25,4,0,0,322,72,0,0,25,4,0,0,320,70,2,2,25,4,0,0,322,72,0,0,25,4,0,0
https://github.com/SonarSource/sonarqube/commit/c55a8c3761e9aae9f375d312c14b1bbb9ee9c0fa,server.sonar-server.src.main.java.org.sonar.server.computation.step.PersistComponentsStep,157,22,171,14,0,0,28,6,0,0,171,14,0,0,28,6,0,0,171,14,0,0,28,6,0,0,169,12,0,2,27,5,0,1,169,12,0,2,27,5,0,1,169,12,0,2,27,5,0,1
https://github.com/SonarSource/sonarqube/commit/c55a8c3761e9aae9f375d312c14b1bbb9ee9c0fa,server.sonar-server.src.test.java.org.sonar.server.computation.step.PersistComponentsStepTest,250,21,322,72,0,0,25,4,0,0,322,72,0,0,25,4,0,0,322,72,0,0,25,4,0,0,322,72,0,0,25,4,0,0,320,70,2,2,25,4,0,0,322,72,0,0,25,4,0,0
https://github.com/VoltDB/voltdb/commit/c1359c843bd03a694f846c8140e24ed646bbb913,tests.frontend.org.voltdb.TestAdhocCreateDropIndex,0,0,118,118,6,4,3,3,0,0,106,106,4,16,3,3,0,0,102,102,8,20,3,3,0,0,91,91,22,31,3,3,0,0,98,98,8,24,2,2,1,1,94,94,22,28,3,3,0,0
https://github.com/VoltDB/voltdb/commit/c9b2006381301c99b66c50c4b31f329caac06137,src.frontend.org.voltdb.utils.PBDMMapSegment,157,32,194,37,0,0,36,4,0,0,190,33,2,4,35,3,1,1,191,34,2,3,35,3,1,1,189,32,0,5,36,4,0,0,193,36,1,1,35,3,1,1,192,35,1,2,35,3,1,1
https://github.com/VoltDB/voltdb/commit/c9b2006381301c99b66c50c4b31f329caac06137,src.frontend.org.voltdb.utils.PBDRegularSegment,214,35,240,26,0,2,38,3,0,0,241,27,1,1,37,2,1,1,236,22,1,6,37,2,1,1,239,25,0,3,38,3,0,0,241,27,1,1,37,2,1,1,241,27,1,1,37,2,1,1
https://github.com/VoltDB/voltdb/commit/cfc54e8afa7ee7d5376525a84559e90b21487ccf,src.frontend.org.voltdb.importclient.kafka.KafkaStreamImporter,184,66,497,313,0,0,76,10,0,0,454,270,13,43,75,9,0,1,449,265,14,48,75,9,0,1,445,261,19,52,76,10,0,0,443,259,38,54,76,10,0,0,451,267,17,46,75,9,0,1
https://github.com/VoltDB/voltdb/commit/d47e58f9bbce9a816378e8a7930c1de67a864c29,src.frontend.org.voltdb.ImportHandler,54,22,61,7,0,0,24,2,0,0,60,6,1,1,23,1,1,1,60,6,1,1,23,1,1,1,57,3,1,4,24,2,0,0,60,6,1,1,23,1,1,1,60,6,1,1,23,1,1,1
https://github.com/VoltDB/voltdb/commit/d47e58f9bbce9a816378e8a7930c1de67a864c29,src.frontend.org.voltdb.InternalConnectionHandler,9,9,74,65,0,0,11,2,0,0,74,65,0,0,11,2,0,0,73,64,0,1,11,2,0,0,74,65,0,0,11,2,0,0,74,65,0,0,11,2,0,0,74,65,0,0,11,2,0,0
https://github.com/WhisperSystems/Signal-Android/commit/f0b2cc559026871c1b4d8e008666afb590553004,src.org.thoughtcrime.securesms.notifications.MessageNotifier,243,24,293,50,0,0,26,2,0,0,292,49,0,1,26,2,0,0,292,49,0,1,26,2,0,0,293,50,0,0,26,2,0,0,293,50,0,0,26,2,0,0,293,50,0,0,26,2,0,0
https://github.com/WhisperSystems/Signal-Android/commit/f0b2cc559026871c1b4d8e008666afb590553004,src.org.thoughtcrime.securesms.notifications.NotificationState,28,10,41,13,0,0,12,2,0,0,39,11,2,2,11,1,1,1,39,11,2,2,11,1,1,1,39,11,2,2,12,2,0,0,40,12,1,1,11,1,1,1,40,12,1,1,11,1,1,1
https://github.com/abarisain/dmix/commit/885771d57c97bd2dd48951e8aeaaa87ceb87532b,MPDroid.src.main.java.com.namelessdev.mpdroid.widgets.WidgetHelperService,4,5,15,11,0,0,8,3,0,0,13,9,0,2,7,2,0,1,14,10,0,1,7,2,0,1,10,6,1,5,8,3,0,0,11,7,2,4,7,2,1,1,7,3,2,8,7,2,0,1
https://github.com/apache/camel/commit/ab1d1dd78fe53edb50c4ede447e4ac5a55ee2ac9,components.camel-sjms.src.main.java.org.apache.camel.component.sjms.consumer.AbstractMessageHandler,35,25,67,32,0,0,27,2,0,0,67,32,0,0,27,2,0,0,67,32,0,0,27,2,0,0,67,32,0,0,27,2,0,0,67,32,0,0,27,2,0,0,67,32,0,0,27,2,0,0
https://github.com/apache/camel/commit/ab1d1dd78fe53edb50c4ede447e4ac5a55ee2ac9,components.camel-sjms.src.main.java.org.apache.camel.component.sjms.jms.JmsMessageHelper,325,17,403,78,0,0,20,3,0,0,401,76,0,2,19,2,0,1,402,77,1,1,19,2,1,1,402,77,1,1,20,3,0,0,402,77,1,1,19,2,1,1,402,77,1,1,19,2,1,1
https://github.com/apache/camel/commit/cb0935e3af05b333b5c85a4fb3b1846836218f11,components.camel-quartz2.src.main.java.org.apache.camel.component.quartz2.QuartzComponent,177,36,212,35,0,0,39,3,0,0,212,35,0,0,39,3,0,0,212,35,0,0,39,3,0,0,212,35,0,0,39,3,0,0,210,33,2,2,38,2,1,1,212,35,0,0,39,3,0,0
https://github.com/apache/cassandra/commit/1a2c1bcdc7267abec9b19d77726aedbb045d79a8,test.unit.org.apache.cassandra.db.compaction.CompactionsCQLTest,0,0,6,6,10,0,1,1,1,0,6,6,11,0,1,1,1,0,6,6,10,0,1,1,1,0,3,3,8,3,1,1,1,0,6,6,12,0,1,1,1,0,6,6,11,0,1,1,0,0
https://github.com/apache/cassandra/commit/2b0a8f6bdac621badabcb9921c077260f2470c26,src.java.org.apache.cassandra.db.RowUpdateBuilder,150,45,166,16,0,0,49,4,0,0,165,15,1,1,48,3,1,1,163,13,2,3,48,3,1,1,165,15,0,1,49,4,0,0,165,15,1,1,48,3,1,1,165,15,1,1,48,3,1,1
https://github.com/apache/cassandra/commit/2b0a8f6bdac621badabcb9921c077260f2470c26,test.unit.org.apache.cassandra.db.PartitionTest,58,9,70,12,0,0,11,2,0,0,70,12,0,0,11,2,0,0,69,11,0,1,11,2,0,0,70,12,0,0,11,2,0,0,70,12,0,0,11,2,0,0,70,12,0,0,11,2,0,0
https://github.com/apache/cassandra/commit/4fcd7d4d366d001cf5f1f7d926c608c902e3f0af,test.unit.org.apache.cassandra.locator.DynamicEndpointSnitchTest,33,2,62,29,0,0,12,10,0,0,33,0,0,29,3,1,0,9,33,0,0,29,3,1,0,9,33,0,0,29,3,1,0,9,33,0,0,29,2,0,1,10,33,0,0,29,3,1,0,9
https://github.com/apache/commons-lang/commit/d9a2c69a9d1db6072e1d7b7ea4fcbd5c15d20b5d,src.main.java.org.apache.commons.lang3.time.DateUtils,458,78,462,4,0,0,80,2,0,0,462,4,0,0,80,2,0,0,462,4,0,0,80,2,0,0,462,4,0,0,80,2,0,0,462,4,0,0,80,2,0,0,462,4,0,0,80,2,0,0
https://github.com/apache/commons-lang/commit/d9a2c69a9d1db6072e1d7b7ea4fcbd5c15d20b5d,src.test.java.org.apache.commons.lang3.time.DateUtilsTest,871,97,896,25,0,0,104,7,0,0,888,17,1,8,101,4,0,3,888,17,1,8,101,4,0,3,891,20,1,5,101,4,0,3,891,20,1,5,101,4,0,3,888,17,1,8,101,4,0,3
https://github.com/apache/drill/commit/711992f22ae6d6dfc43bdb4c01bf8f921d175b38,exec.jdbc.src.main.java.org.apache.drill.jdbc.impl.DrillCursor,21,18,80,59,0,0,22,4,0,0,76,55,1,4,21,3,1,1,76,55,2,4,21,3,1,1,71,50,0,9,22,4,0,0,75,54,1,5,22,4,0,0,76,55,1,4,21,3,1,1
https://github.com/apache/drill/commit/711992f22ae6d6dfc43bdb4c01bf8f921d175b38,exec.jdbc.src.main.java.org.apache.drill.jdbc.impl.DrillResultSetImpl,137,43,150,13,0,0,45,2,0,0,150,13,0,0,45,2,0,0,150,13,0,0,45,2,0,0,150,13,0,0,45,2,0,0,150,13,0,0,45,2,0,0,150,13,0,0,45,2,0,0
https://github.com/apache/giraph/commit/add1d4f07c925b8a9044cb3aa5bb4abdeaf49fc7,giraph-core.src.main.java.org.apache.giraph.writable.kryo.HadoopKryo,84,27,116,32,0,0,29,2,0,0,111,27,1,5,29,2,0,0,116,32,0,0,29,2,0,0,111,27,1,5,29,2,0,0,111,27,1,5,28,1,1,1,111,27,1,5,29,2,0,0
https://github.com/apache/giraph/commit/add1d4f07c925b8a9044cb3aa5bb4abdeaf49fc7,giraph-core.src.test.java.org.apache.giraph.writable.kryo.KryoWritableTest,83,29,83,0,0,0,30,1,0,0,83,0,0,0,30,1,0,0,83,0,0,0,30,1,0,0,83,0,0,0,30,1,0,0,83,0,0,0,30,1,0,0,83,0,0,0,30,1,0,0
https://github.com/apache/hive/commit/240097b78b70172e1cf9bc37876a566ddfb9e115,ql.src.java.org.apache.hadoop.hive.ql.io.orc.OrcRecordUpdater,268,96,270,2,0,0,98,2,0,0,268,0,0,2,97,1,0,1,268,0,0,2,97,1,0,1,268,0,0,2,97,1,0,1,268,0,0,2,97,1,0,1,268,0,0,2,97,1,0,1
https://github.com/apache/hive/commit/240097b78b70172e1cf9bc37876a566ddfb9e115,ql.src.java.org.apache.hadoop.hive.ql.io.orc.RecordReaderFactory,165,7,176,11,0,0,10,3,0,0,174,9,0,2,9,2,0,1,174,9,0,2,9,2,0,1,174,9,0,2,9,2,0,1,174,9,0,2,9,2,0,1,174,9,0,2,9,2,0,1
https://github.com/apache/hive/commit/4ccc0c37aabbd90ecaa36fcc491e2270e7e9bea6,hcatalog.core.src.main.java.org.apache.hive.hcatalog.mapreduce.PartInfo,32,24,97,65,0,0,27,3,0,0,94,62,3,3,25,1,2,2,94,62,3,3,25,1,2,2,95,63,0,2,27,3,0,0,95,63,2,2,26,2,1,1,94,62,3,3,25,1,2,2
https://github.com/apache/hive/commit/5f78f9ef1e6c798849d34cc66721e6c1d9709b6f,ql.src.java.org.apache.hadoop.hive.ql.io.orc.OrcInputFormat,510,154,626,116,0,0,161,7,0,0,624,114,2,2,159,5,2,2,624,114,2,2,159,5,2,2,622,112,0,4,161,7,0,0,622,112,4,4,159,5,2,2,624,114,2,2,159,5,2,2
https://github.com/apache/hive/commit/5f78f9ef1e6c798849d34cc66721e6c1d9709b6f,ql.src.test.org.apache.hadoop.hive.ql.io.orc.TestInputOutputFormat,971,141,989,18,0,0,143,2,0,0,989,18,0,0,143,2,0,0,989,18,0,0,143,2,0,0,989,18,0,0,143,2,0,0,989,18,0,0,143,2,0,0,989,18,0,0,143,2,0,0
https://github.com/apache/hive/commit/999e0e3616525d77cf46c5865f9981b5a6b5609a,ql.src.java.org.apache.hadoop.hive.ql.parse.CalcitePlanner,1502,85,1585,83,0,0,89,4,0,0,1575,73,9,10,88,3,1,1,1575,73,6,10,88,3,1,1,1574,72,1,11,89,4,0,0,1580,78,6,5,88,3,1,1,1580,78,3,5,88,3,1,1
https://github.com/apache/hive/commit/f664789737d516ac664462732664121acc111a1e,hcatalog.webhcat.svr.src.main.java.org.apache.hive.hcatalog.templeton.AppConfig,142,90,165,23,0,0,92,2,0,0,164,22,1,1,91,1,1,1,164,22,1,1,91,1,1,1,156,14,2,9,92,2,0,0,164,22,1,1,91,1,1,1,164,22,1,1,91,1,1,1
https://github.com/apache/hive/commit/f664789737d516ac664462732664121acc111a1e,hcatalog.webhcat.svr.src.main.java.org.apache.hive.hcatalog.templeton.SecureProxySupport,45,18,71,26,0,0,21,3,0,0,71,26,0,0,21,3,0,0,71,26,0,0,21,3,0,0,71,26,0,0,21,3,0,0,71,26,0,0,21,3,0,0,71,26,0,0,21,3,0,0
https://github.com/apache/pig/commit/7a1659c12d76b510809dea1dea1f5100bcf4cd60,src.org.apache.pig.backend.hadoop.executionengine.spark.SparkLauncher,272,25,329,57,0,0,29,4,0,0,328,56,1,1,29,4,0,0,328,56,1,1,29,4,0,0,328,56,1,1,29,4,0,0,328,56,2,1,28,3,1,1,328,56,2,1,29,4,0,0
https://github.com/apache/pig/commit/92dce401344a28ff966ad4cf3dd969a676852315,src.org.apache.pig.builtin.OrcStorage,383,56,419,36,0,0,59,3,0,0,419,36,0,0,59,3,0,0,418,35,0,1,59,3,0,0,419,36,0,0,59,3,0,0,419,36,0,0,58,2,1,1,419,36,0,0,59,3,0,0
https://github.com/apache/pig/commit/92dce401344a28ff966ad4cf3dd969a676852315,src.org.apache.pig.impl.util.Utils,314,50,322,8,0,3,53,3,0,0,318,4,4,7,51,1,1,2,318,4,3,7,51,1,2,2,319,5,1,6,53,3,0,0,318,4,6,7,51,1,2,2,318,4,5,7,51,1,2,2
https://github.com/apereo/cas/commit/7fb0d1ce3b6583013e81ac05eb9afb15d20eab7f,cas-server-support-spnego.src.main.java.org.jasig.cas.support.spnego.authentication.principal.SpnegoCredential,42,19,53,11,0,0,22,3,0,0,53,11,0,0,21,2,0,1,53,11,0,0,21,2,0,1,53,11,0,0,21,2,0,1,53,11,0,0,21,2,0,1,53,11,0,0,21,2,0,1
https://github.com/apereo/cas/commit/7fb0d1ce3b6583013e81ac05eb9afb15d20eab7f,cas-server-support-spnego.src.main.java.org.jasig.cas.support.spnego.util.SpnegoConstants,0,7,0,0,0,0,9,2,0,0,0,0,0,0,8,1,0,1,0,0,0,0,8,1,0,1,0,0,0,0,8,1,0,1,0,0,0,0,8,1,0,1,0,0,0,0,8,1,0,1
https://github.com/assertj/assertj/commit/b36ab386559d04db114db8edd87c8d4cbf850c12,src.main.java.org.assertj.core.api.Assertions,19,10,217,198,0,0,110,100,0,0,19,0,0,198,11,1,0,99,19,0,0,198,11,1,0,99,19,0,0,198,11,1,0,99,19,0,0,198,11,1,0,99,19,0,0,198,11,1,0,99
https://github.com/assertj/assertj/commit/b36ab386559d04db114db8edd87c8d4cbf850c12,src.main.java.org.assertj.core.api.BDDAssertions,105,54,105,0,0,0,54,0,0,0,105,0,0,0,54,0,0,0,105,0,0,0,54,0,0,0,105,0,0,0,54,0,0,0,105,0,0,0,54,0,0,0,105,0,0,0,54,0,0,0
https://github.com/belaban/JGroups/commit/f1533756133dec84ce8218202585ac85904da7c9,src.org.jgroups.auth.FixedMembershipToken,11,8,39,28,0,1,14,6,0,0,35,24,4,5,14,6,0,0,30,19,8,10,14,6,0,0,32,21,2,8,14,6,0,0,30,19,4,10,13,5,1,1,31,20,2,9,14,6,0,0
https://github.com/belaban/JGroups/commit/f1533756133dec84ce8218202585ac85904da7c9,tests.junit-functional.org.jgroups.protocols.AUTHTest,58,8,58,0,0,0,9,1,0,0,58,0,0,0,9,1,0,0,58,0,0,0,9,1,0,0,58,0,0,0,9,1,0,0,58,0,0,0,9,1,0,0,58,0,0,0,9,1,0,0
https://github.com/bitcoinj/bitcoinj/commit/95bfa40630e34f6f369e0055d9f37f49bca60247,core.src.main.java.org.bitcoinj.core.Peer,789,122,806,17,0,0,124,2,0,0,805,16,1,1,123,1,1,1,805,16,1,1,123,1,1,1,798,9,0,8,124,2,0,0,805,16,1,1,123,1,1,1,805,16,1,1,123,1,1,1
https://github.com/brettwooldridge/HikariCP/commit/cd8c4d578a609bdd6395d3a8c49bfd19ed700dea,src.main.java.com.zaxxer.hikari.util.ClockSource,6,8,26,20,0,0,21,13,0,0,6,0,0,20,9,1,0,12,6,0,0,20,9,1,0,12,6,0,0,20,9,1,0,12,6,0,0,20,9,1,0,12,6,0,0,20,9,1,0,12
https://github.com/brettwooldridge/HikariCP/commit/e19c6874431dc2c3046436c2ac249a0ab2ef3457,hikaricp-common.src.main.java.com.zaxxer.hikari.proxy.ConnectionProxy,108,44,149,41,0,0,46,2,0,0,148,40,1,1,46,2,0,0,148,40,0,1,46,2,0,0,142,34,0,7,46,2,0,0,142,34,1,7,45,1,1,1,142,34,0,7,46,2,0,0
https://github.com/brianfrankcooper/YCSB/commit/0b024834549c53512ef18bce89f60ef9225d4819,core.src.main.java.com.yahoo.ycsb.Client,116,33,412,296,0,0,37,4,0,0,403,287,2,9,37,4,0,0,403,287,1,9,37,4,0,0,394,278,2,18,37,4,0,0,390,274,7,22,36,3,1,1,402,286,2,10,37,4,0,0
https://github.com/brianfrankcooper/YCSB/commit/0b024834549c53512ef18bce89f60ef9225d4819,core.src.main.java.com.yahoo.ycsb.workloads.CoreWorkload,177,70,257,80,0,0,72,2,0,0,257,80,0,0,72,2,0,0,257,80,0,0,72,2,0,0,257,80,0,0,72,2,0,0,257,80,0,0,72,2,0,0,257,80,0,0,72,2,0,0
https://github.com/bumptech/glide/commit/0d4b27952751de0caab01774048c3e0ec74824ce,library.src.main.java.com.bumptech.glide.request.target.ImageViewTarget,22,8,31,9,0,0,12,4,0,0,31,9,0,0,12,4,0,0,31,9,0,0,12,4,0,0,31,9,0,0,12,4,0,0,31,9,0,0,12,4,0,0,31,9,0,0,12,4,0,0
https://github.com/bumptech/glide/commit/0d4b27952751de0caab01774048c3e0ec74824ce,library.src.main.java.com.bumptech.glide.request.target.ViewTarget,95,29,130,35,0,0,34,5,0,0,130,35,0,0,34,5,0,0,130,35,0,0,34,5,0,0,130,35,0,0,34,5,0,0,130,35,0,0,33,4,1,1,130,35,0,0,34,5,0,0
https://github.com/checkstyle/checkstyle/commit/5a9b7249e3d092a78ac8e7d48aeeb62bf1c44e20,src.main.java.com.puppycrawl.tools.checkstyle.checks.coding.RequireThisCheck,15,10,34,19,1,5,12,2,0,0,37,22,2,2,11,1,1,1,35,20,1,4,11,1,1,1,34,19,0,5,12,2,0,0,35,20,3,4,11,1,1,1,33,18,4,6,11,1,1,1
https://github.com/checkstyle/checkstyle/commit/c9c475a6c7a8cb728ba1c091b386db46f11a781f,src.main.java.com.puppycrawl.tools.checkstyle.checks.coding.FinalLocalVariableCheck,58,16,94,36,0,0,19,3,0,0,93,35,0,1,19,3,0,0,93,35,0,1,19,3,0,0,90,32,2,4,19,3,0,0,94,36,0,0,19,3,0,0,92,34,0,2,19,3,0,0
https://github.com/crashub/crash/commit/2801269c7e47bd6e243612654a74cee809d20959,connectors.ssh.src.main.java.org.crsh.auth.FilePublicKeyProvider,2,3,26,24,0,0,5,2,0,0,24,22,0,2,5,2,0,0,24,22,1,2,5,2,0,0,22,20,4,4,5,2,0,0,24,22,2,2,4,1,1,1,24,22,0,2,5,2,0,0
https://github.com/datastax/java-driver/commit/3a0603f8f778be3219a5a0f3a7845cda65f1e172,driver-core.src.main.java.com.datastax.driver.core.querybuilder.Insert,47,17,57,10,0,0,19,2,0,0,57,10,0,0,19,2,0,0,54,7,1,3,19,2,0,0,48,1,1,9,19,2,0,0,56,9,1,1,18,1,1,1,48,1,0,9,19,2,0,0
https://github.com/deeplearning4j/deeplearning4j/commit/3325f5ccd23f8016fa28a24f878b54f1918546ed,deeplearning4j-scaleout.deeplearning4j-nlp.src.main.java.org.deeplearning4j.models.embeddings.loader.WordVectorSerializer,164,12,232,68,0,0,17,5,0,0,231,67,1,1,17,5,0,0,231,67,3,1,17,5,0,0,231,67,2,1,17,5,0,0,230,66,2,2,16,4,1,1,231,67,2,1,17,5,0,0
https://github.com/deeplearning4j/deeplearning4j/commit/3d080545362794ac5ab63a6cf1bdfb523a0d92a5,dl4j-caffe.src.main.java.org.deeplearning4j.translate.CaffeModelToJavaClass,0,0,5,5,0,0,2,2,0,0,4,4,1,1,1,1,1,1,4,4,1,1,1,1,1,1,5,5,0,0,2,2,0,0,3,3,1,2,2,2,0,0,4,4,1,1,1,1,1,1
https://github.com/deeplearning4j/deeplearning4j/commit/3d080545362794ac5ab63a6cf1bdfb523a0d92a5,dl4j-caffe.src.test.java.org.deeplearning4j.translate.CaffeTest,8,2,8,0,0,0,2,0,0,0,8,0,0,0,2,0,0,0,8,0,0,0,2,0,0,0,8,0,0,0,2,0,0,0,8,0,0,0,2,0,0,0,8,0,0,0,2,0,0,0
https://github.com/deeplearning4j/deeplearning4j/commit/c50064efb325b0c94cc62788b4c8935b7c39ac40,deeplearning4j-core.src.main.java.org.deeplearning4j.optimize.solvers.BaseOptimizer,42,29,78,36,0,0,31,2,0,0,78,36,0,0,31,2,0,0,78,36,0,0,31,2,0,0,78,36,0,0,31,2,0,0,78,36,0,0,31,2,0,0,78,36,0,0,31,2,0,0
https://github.com/deeplearning4j/deeplearning4j/commit/c50064efb325b0c94cc62788b4c8935b7c39ac40,deeplearning4j-core.src.test.java.org.deeplearning4j.optimize.solver.TestOptimizers,139,57,170,31,0,1,59,2,0,0,170,31,0,1,59,2,0,0,170,31,0,1,59,2,0,0,168,29,0,3,59,2,0,0,169,30,0,2,58,1,1,1,171,32,0,0,59,2,0,0
https://github.com/deeplearning4j/deeplearning4j/commit/d4992887291cc0a7eeda87ad547fa9e1e7fda41c,deeplearning4j-core.src.main.java.org.deeplearning4j.nn.layers.OutputLayer,108,26,119,11,0,0,29,3,0,0,118,10,1,1,28,2,1,1,118,10,1,1,28,2,1,1,118,10,0,1,29,3,0,0,117,9,2,2,28,2,1,1,118,10,1,1,28,2,1,1
https://github.com/deeplearning4j/deeplearning4j/commit/d4992887291cc0a7eeda87ad547fa9e1e7fda41c,deeplearning4j-core.src.main.java.org.deeplearning4j.nn.multilayer.MultiLayerNetwork,689,105,697,8,0,0,107,2,0,0,697,8,0,0,107,2,0,0,697,8,0,0,107,2,0,0,697,8,0,0,107,2,0,0,697,8,0,0,107,2,0,0,697,8,0,0,107,2,0,0
https://github.com/dreamhead/moco/commit/55ffa2f3353c5dc77fe6b790e5e045b76a07a772,moco-core.src.main.java.com.github.dreamhead.moco.internal.ActualHttpServer,43,14,49,6,0,0,17,3,0,0,43,0,0,6,15,1,0,2,43,0,0,6,15,1,0,2,43,0,0,6,15,1,0,2,43,0,0,6,15,1,0,2,43,0,0,6,15,1,0,2
https://github.com/dreamhead/moco/commit/55ffa2f3353c5dc77fe6b790e5e045b76a07a772,moco-core.src.main.java.com.github.dreamhead.moco.internal.HttpConfiguration,22,9,28,6,0,0,12,3,0,0,22,0,0,6,10,1,0,2,22,0,0,6,10,1,0,2,22,0,0,6,10,1,0,2,22,0,0,6,10,1,0,2,22,0,0,6,10,1,0,2
https://github.com/dropwizard/metrics/commit/4c6ab3d77cc67c7a91155d884077520dcf1509c6,metrics-graphite.src.main.java.com.codahale.metrics.graphite.GraphiteReporter,106,30,136,30,0,0,32,2,0,0,133,27,0,3,32,2,0,0,135,29,1,1,32,2,0,0,131,25,1,5,32,2,0,0,132,26,2,4,31,1,1,1,131,25,2,5,32,2,0,0
https://github.com/dropwizard/metrics/commit/4c6ab3d77cc67c7a91155d884077520dcf1509c6,metrics-graphite.src.test.java.com.codahale.metrics.graphite.GraphiteReporterTest,180,22,180,0,0,0,23,1,0,0,180,0,0,0,23,1,0,0,180,0,0,0,23,1,0,0,180,0,0,0,23,1,0,0,180,0,0,0,23,1,0,0,180,0,0,0,23,1,0,0
https://github.com/eclipse/jetty.project/commit/837d1a74bb7d694220644a2539c4440ce55462cf,jetty-proxy.src.main.java.org.eclipse.jetty.proxy.AbstractProxyServlet,290,45,320,30,0,0,48,3,0,0,320,30,0,0,48,3,0,0,320,30,0,0,48,3,0,0,320,30,0,0,48,3,0,0,320,30,0,0,48,3,0,0,320,30,0,0,48,3,0,0
https://github.com/eclipse/jetty.project/commit/837d1a74bb7d694220644a2539c4440ce55462cf,jetty-proxy.src.test.java.org.eclipse.jetty.proxy.ProxyServletTest,523,79,546,23,0,0,82,3,0,0,524,1,24,22,80,1,2,2,524,1,24,22,80,1,2,2,525,2,12,21,81,2,1,1,524,1,23,22,80,1,2,2,524,1,24,22,80,1,2,2
https://github.com/fabric8io/fabric8/commit/8127b21a220ca677c4e59961d019e7753da7ea6e,fabric8-maven-plugin.src.main.java.io.fabric8.maven.JsonMojo,654,105,728,74,0,0,108,3,0,0,727,73,1,1,107,2,1,1,727,73,1,1,107,2,1,1,722,68,0,6,108,3,0,0,727,73,1,1,107,2,1,1,727,73,1,1,107,2,1,1
https://github.com/fabric8io/fabric8/commit/9e61a71540da58c3208fd2c7737f793c3f81e5ae,fabric8-maven-plugin.src.main.java.io.fabric8.maven.CreateBuildConfigMojo,0,9,33,33,0,0,12,3,0,0,33,33,0,0,12,3,0,0,33,33,0,0,12,3,0,0,33,33,0,0,12,3,0,0,33,33,0,0,10,1,2,2,33,33,0,0,12,3,0,0
https://github.com/fabric8io/fabric8/commit/9e61a71540da58c3208fd2c7737f793c3f81e5ae,fabric8-maven-plugin.src.main.java.io.fabric8.maven.CreateGogsWebhook,0,5,45,45,0,1,7,2,0,0,43,43,1,3,6,1,1,1,43,43,1,3,6,1,1,1,29,29,1,17,7,2,0,0,43,43,1,3,6,1,1,1,37,37,1,9,6,1,1,1
https://github.com/fabric8io/fabric8/commit/e068eb7f484f24dee285d29b8a910d9019592020,fabric8-maven-plugin.src.main.java.io.fabric8.maven.JsonMojo,769,108,794,25,0,0,110,2,0,0,790,21,2,4,109,1,1,1,790,21,2,4,109,1,1,1,779,10,5,15,110,2,0,0,780,11,15,14,109,1,1,1,784,15,4,10,109,1,1,1
https://github.com/facebook/buck/commit/6c93f15f502f39dff99ecb01b56dcad7dddb0f0d,src.com.facebook.buck.android.aapt.AaptResourceCollector,12,10,24,12,0,0,13,3,0,0,24,12,0,0,13,3,0,0,24,12,0,0,13,3,0,0,24,12,0,0,13,3,0,0,24,12,0,0,13,3,0,0,20,8,1,4,12,2,1,1
https://github.com/facebook/buck/commit/6c93f15f502f39dff99ecb01b56dcad7dddb0f0d,test.com.facebook.buck.android.aapt.MiniAaptTest,78,12,93,15,0,0,14,2,0,0,93,15,0,0,14,2,0,0,93,15,0,0,14,2,0,0,93,15,0,0,14,2,0,0,93,15,0,0,14,2,0,0,93,15,0,0,14,2,0,0
https://github.com/facebook/buck/commit/7e104c3ed4b80ec8e9b72356396f879d1067cc40,src.com.facebook.buck.maven.Resolver,129,30,193,64,0,1,33,3,0,0,171,42,2,23,32,2,0,1,176,47,6,18,32,2,1,1,164,35,1,30,33,3,0,0,170,41,11,24,32,2,1,1,172,43,5,22,32,2,0,1
https://github.com/facebook/buck/commit/7e104c3ed4b80ec8e9b72356396f879d1067cc40,test.com.facebook.buck.maven.ResolverIntegrationTest,26,12,83,57,0,0,18,6,0,0,83,57,0,0,18,6,0,0,83,57,0,0,18,6,0,0,83,57,0,0,18,6,0,0,83,57,0,0,18,6,0,0,83,57,0,0,18,6,0,0
https://github.com/facebook/buck/commit/84b7b3974ae8171a4de2f804eb94fcd1d6cd6647,src.com.facebook.buck.java.ReportGenerator,57,16,57,0,0,0,16,0,0,0,57,0,0,0,16,0,0,0,57,0,0,0,16,0,0,0,57,0,0,0,16,0,0,0,57,0,0,0,16,0,0,0,57,0,0,0,16,0,0,0
https://github.com/facebook/buck/commit/84b7b3974ae8171a4de2f804eb94fcd1d6cd6647,test.com.facebook.buck.util.LicenseCheckTest,23,7,23,0,0,0,9,2,0,0,23,0,0,0,9,2,0,0,23,0,0,0,9,2,0,0,23,0,0,0,9,2,0,0,23,0,0,0,9,2,0,0,23,0,0,0,9,2,0,0
https://github.com/facebook/buck/commit/a1525ac9a0bb8f727167a8be94c81a3415128ef4,src.com.facebook.buck.cxx.DebugPathSanitizer,42,16,60,18,0,0,19,3,0,0,57,15,2,3,18,2,1,1,56,14,2,4,18,2,1,1,57,15,0,3,19,3,0,0,57,15,1,3,18,2,1,1,57,15,1,3,18,2,1,1
https://github.com/facebook/buck/commit/ecd0ad5ab99b8d14f28881cf4f49ec01f2221776,src.com.facebook.buck.cxx.CxxSourceRuleFactory,148,44,167,19,0,0,47,3,0,0,167,19,0,0,47,3,0,0,164,16,0,3,47,3,0,0,167,19,0,0,47,3,0,0,162,14,3,5,47,3,0,0,164,16,0,3,47,3,0,0
https://github.com/facebook/buck/commit/f26d234e8d3458f34454583c22e3bd5f4b2a5da8,src.com.facebook.buck.android.AdbHelper,352,56,410,58,0,0,58,2,0,0,408,56,2,2,58,2,0,0,410,58,1,0,58,2,0,0,404,52,0,6,58,2,0,0,408,56,1,2,58,2,0,0,408,56,1,2,58,2,0,0
https://github.com/geoserver/geoserver/commit/07c26a3a1dd6fcc2494c2d755ee5a2753e0df87c,src.wfs.src.test.java.org.geoserver.wfs.xml.PropertyRule,20,10,20,0,0,0,11,1,0,0,20,0,0,0,11,1,0,0,20,0,0,0,11,1,0,0,20,0,0,0,11,1,0,0,20,0,0,0,11,1,0,0,20,0,0,0,11,1,0,0
https://github.com/geoserver/geoserver/commit/07c26a3a1dd6fcc2494c2d755ee5a2753e0df87c,src.wfs.src.test.java.org.geoserver.wfs.xml.WFSURIHandlerTest,68,16,68,0,0,0,16,0,0,0,68,0,0,0,16,0,0,0,68,0,0,0,16,0,0,0,68,0,0,0,16,0,0,0,68,0,0,0,16,0,0,0,68,0,0,0,16,0,0,0
https://github.com/glyptodon/guacamole-client/commit/ce1f3d07976de31aed8f8189ec5e1a6453f4b580,extensions.guacamole-auth-jdbc.modules.guacamole-auth-jdbc-base.src.main.java.org.glyptodon.guacamole.auth.jdbc.user.UserContextService,0,2,8,8,0,0,10,8,0,0,8,8,0,0,4,2,0,6,8,8,0,0,4,2,0,6,5,5,2,3,4,2,0,6,8,8,0,0,4,2,0,6,8,8,0,0,4,2,0,6
https://github.com/glyptodon/guacamole-client/commit/ce1f3d07976de31aed8f8189ec5e1a6453f4b580,extensions.guacamole-auth-jdbc.modules.guacamole-auth-jdbc-base.src.main.java.org.glyptodon.guacamole.auth.jdbc.user.UserService,50,15,61,11,1,1,23,8,0,0,61,11,0,1,17,2,0,6,62,12,0,0,17,2,0,6,60,10,1,2,17,2,0,6,59,9,3,3,17,2,0,6,59,9,3,3,17,2,0,6
https://github.com/go-lang-plugin-org/go-lang-idea-plugin/commit/0b93231025f51c7ec62fd8588985c5dc807854e4,src.com.goide.actions.fmt.GoExternalToolsAction,26,5,34,8,0,0,7,2,0,0,33,7,1,1,6,1,1,1,33,7,1,1,6,1,1,1,33,7,0,1,7,2,0,0,33,7,1,1,6,1,1,1,33,7,1,1,6,1,1,1
https://github.com/go-lang-plugin-org/go-lang-idea-plugin/commit/0b93231025f51c7ec62fd8588985c5dc807854e4,src.com.goide.actions.fmt.GoFmtCheckinFactory,25,8,39,14,0,0,11,3,0,0,39,14,0,0,11,3,0,0,39,14,0,0,11,3,0,0,39,14,0,0,11,3,0,0,39,14,0,0,11,3,0,0,39,14,0,0,11,3,0,0
https://github.com/google/auto/commit/8fc60d81fe0e46e7e5c96e71d4a93fcadc6bde4f,common.src.main.java.com.google.auto.common.BasicAnnotationProcessor,50,21,116,66,0,0,23,2,0,0,115,65,1,1,22,1,1,1,115,65,1,1,22,1,1,1,91,41,2,25,23,2,0,0,112,62,2,4,22,1,1,1,114,64,1,2,22,1,1,1
https://github.com/google/closure-compiler/commit/5a853a60f93e09c446d458673bc7a2f6bb26742c,src.com.google.javascript.jscomp.JsdocToEs6TypedConverter,41,4,153,112,0,0,11,7,0,0,47,6,0,106,6,2,0,5,47,6,0,106,6,2,0,5,47,6,0,106,6,2,0,5,47,6,0,106,5,1,1,6,47,6,0,106,6,2,0,5
https://github.com/google/closure-compiler/commit/5a853a60f93e09c446d458673bc7a2f6bb26742c,test.com.google.javascript.jscomp.JsdocToEs6TypedConverterTest,28,12,97,69,0,0,29,17,0,0,28,0,0,69,13,1,0,16,28,0,0,69,13,1,0,16,28,0,0,69,13,1,0,16,28,0,0,69,13,1,0,16,28,0,0,69,13,1,0,16
https://github.com/google/guava/commit/5bab9e837cf273250aa26702204f139fdcfd9e7a,guava-tests.test.com.google.common.collect.HashBiMapTest,57,7,62,5,0,0,9,2,0,0,62,5,0,0,9,2,0,0,62,5,0,0,9,2,0,0,62,5,0,0,9,2,0,0,62,5,0,0,9,2,0,0,62,5,0,0,9,2,0,0
https://github.com/google/guava/commit/5bab9e837cf273250aa26702204f139fdcfd9e7a,guava.src.com.google.common.collect.HashBiMap,116,64,307,191,1,3,94,30,0,0,298,182,2,12,93,29,1,1,294,178,3,16,93,29,1,1,296,180,4,14,94,30,0,0,293,177,8,17,94,30,0,0,298,182,2,12,93,29,1,1
https://github.com/google/truth/commit/1768840bf1e69892fd2a23776817f620edfed536,core.src.test.java.com.google.common.truth.IterableTest,39,12,466,427,0,0,108,96,0,0,296,257,88,170,68,56,14,40,298,259,91,168,71,59,14,37,393,354,1,73,88,76,1,20,351,312,33,115,64,52,19,44,242,203,19,224,42,30,0,66
https://github.com/google/truth/commit/200f1577d238a6d3fbcf99cb2a2585b2071214a6,core.src.main.java.com.google.common.truth.IterableSubject,175,36,180,5,0,0,39,3,0,0,178,3,2,2,37,1,2,2,178,3,2,2,37,1,2,2,178,3,2,2,39,3,0,0,178,3,2,2,39,3,0,0,178,3,2,2,37,1,2,2
https://github.com/google/truth/commit/200f1577d238a6d3fbcf99cb2a2585b2071214a6,core.src.test.java.com.google.common.truth.ListTest,38,14,72,34,0,0,21,7,0,0,72,34,0,0,21,7,0,0,72,34,0,0,21,7,0,0,72,34,0,0,21,7,0,0,72,34,0,0,21,7,0,0,72,34,0,0,21,7,0,0
https://github.com/gradle/gradle/commit/3a7ccf5a252077332b9505acb22f190745f726f7,subprojects.platform-play.src.main.java.org.gradle.play.plugins.PlayApplicationPlugin,192,38,218,26,0,0,43,5,0,0,210,18,1,8,42,4,0,1,210,18,1,8,42,4,0,1,210,18,0,8,42,4,0,1,205,13,4,13,40,2,1,3,210,18,0,8,42,4,0,1
https://github.com/gradle/gradle/commit/3a7ccf5a252077332b9505acb22f190745f726f7,subprojects.platform-play.src.main.java.org.gradle.play.tasks.PlayRun,39,22,67,28,0,0,25,3,0,0,60,21,2,7,24,2,0,1,60,21,1,7,24,2,0,1,60,21,2,7,24,2,2,1,60,21,4,7,24,2,1,1,60,21,2,7,24,2,0,1
https://github.com/gradle/gradle/commit/681dc6346ce3cf5be5c5985faad120a18949cee0,subprojects.platform-native.src.main.groovy.org.gradle.nativeplatform.toolchain.internal.gcc.AbstractGccCompatibleToolChain,103,36,120,17,0,0,38,2,0,0,119,16,1,1,37,1,1,1,119,16,1,1,37,1,1,1,119,16,1,1,38,2,0,0,119,16,1,1,37,1,1,1,119,16,1,1,37,1,1,1
https://github.com/gradle/gradle/commit/b1fb1192daa1647b0bd525600dd41063765eca70,subprojects.test-kit-functional.src.main.java.org.gradle.testkit.functional.GradleRunner,5,3,25,20,0,0,17,14,0,0,9,4,0,16,13,10,0,4,9,4,0,16,13,10,0,4,9,4,0,16,13,10,0,4,9,4,0,16,11,8,1,6,9,4,0,16,13,10,0,4
https://github.com/gradle/gradle/commit/b1fb1192daa1647b0bd525600dd41063765eca70,subprojects.test-kit-functional.src.main.java.org.gradle.testkit.functional.internal.DefaultGradleRunner,55,9,71,16,0,0,22,13,0,0,55,0,0,16,10,1,0,12,55,0,0,16,10,1,0,12,55,0,0,16,10,1,0,12,55,0,0,16,10,1,0,12,55,0,0,16,10,1,0,12
https://github.com/gradle/gradle/commit/f394599bf1423be0be2d5822ed7f1271d2841225,subprojects.platform-jvm.src.main.java.org.gradle.jvm.plugins.JarBinaryRules,11,3,11,0,0,0,3,0,0,0,11,0,0,0,3,0,0,0,11,0,0,0,3,0,0,0,11,0,0,0,3,0,0,0,11,0,0,0,3,0,0,0,11,0,0,0,3,0,0,0
https://github.com/greenrobot/greenDAO/commit/d6d9dd4365387816fda6987a4ad9b679c27e72a3,DaoCore.src.de.greenrobot.dao.PropertyConverter,0,3,0,0,0,0,3,0,0,0,0,0,0,0,3,0,0,0,0,0,0,0,3,0,0,0,0,0,0,0,3,0,0,0,0,0,0,0,3,0,0,0,0,0,0,0,3,0,0,0
https://github.com/greenrobot/greenDAO/commit/d6d9dd4365387816fda6987a4ad9b679c27e72a3,DaoTest.src.de.greenrobot.daotest.customtype.MyTimestampConverter,6,3,6,0,0,0,3,0,0,0,6,0,0,0,3,0,0,0,6,0,0,0,3,0,0,0,6,0,0,0,3,0,0,0,6,0,0,0,3,0,0,0,6,0,0,0,3,0,0,0
https://github.com/gwtproject/gwt/commit/e0dda9f61b7c409944c4734edf75b108e0288f59,user.super.com.google.gwt.emul.java.security.MessageDigest,37,13,211,174,0,0,40,27,0,0,37,0,0,174,14,1,0,26,37,0,0,174,13,0,0,27,37,0,0,174,14,1,0,26,37,0,0,174,14,1,0,26,37,0,0,174,14,1,0,26
https://github.com/hibernate/hibernate-orm/commit/0b6ea757e34a63b1421b77ed5fbb61398377aab1,hibernate-entitymanager.src.test.java.org.hibernate.jpa.test.callbacks.CallbacksTest,163,9,216,53,0,0,13,4,0,0,165,2,0,51,11,2,0,2,165,2,0,51,11,2,0,2,165,2,0,51,11,2,0,2,165,2,0,51,11,2,0,2,165,2,0,51,11,2,0,2
https://github.com/hibernate/hibernate-orm/commit/0b6ea757e34a63b1421b77ed5fbb61398377aab1,hibernate-entitymanager.src.test.java.org.hibernate.jpa.test.callbacks.EntityWithLazyProperty,20,15,20,0,0,0,15,0,0,0,20,0,0,0,15,0,0,0,20,0,0,0,15,0,0,0,20,0,0,0,15,0,0,0,20,0,0,0,15,0,0,0,20,0,0,0,15,0,0,0
https://github.com/hibernate/hibernate-orm/commit/2b89553db5081fe4e55b7b34d636d0ea2acf71c5,hibernate-core.src.main.java.org.hibernate.boot.model.source.internal.annotations.AnnotationMetadataSourceProcessorImpl,79,32,117,38,0,0,34,2,0,0,106,27,2,11,34,2,0,0,108,29,1,9,34,2,0,0,103,24,2,14,34,2,0,0,105,26,5,12,33,1,1,1,106,27,2,11,34,2,0,0
https://github.com/hibernate/hibernate-orm/commit/2b89553db5081fe4e55b7b34d636d0ea2acf71c5,hibernate-core.src.test.java.org.hibernate.test.annotations.entitynonentity.EntityNonEntityTest,22,1,24,2,0,0,3,2,0,0,24,2,0,0,3,2,0,0,24,2,0,0,3,2,0,0,24,2,0,0,3,2,0,0,24,2,0,0,3,2,0,0,24,2,0,0,3,2,0,0
https://github.com/hierynomus/sshj/commit/7c26ac669a4e17ca1d2319a5049a56424fd33104,src.itest.java.nl.javadude.sshj.connection.channel.ChannelCloseEofTest,4,3,13,9,0,0,5,2,0,0,13,9,0,0,5,2,0,0,12,8,0,1,5,2,0,0,13,9,0,0,5,2,0,0,13,9,0,0,5,2,0,0,13,9,0,0,5,2,0,0
https://github.com/iNPUTmice/Conversations/commit/e6cb12dfe414497b4317820497985c110cb81864,src.main.java.eu.siacs.conversations.ui.adapter.MessageAdapter,237,44,420,183,0,0,49,5,0,0,415,178,1,5,48,4,0,1,415,178,2,5,48,4,1,1,418,181,0,2,49,5,0,0,417,180,4,3,48,4,1,1,416,179,2,4,48,4,0,1
https://github.com/infinispan/infinispan/commit/03573a655bcbb77f7a76d8e22d851cc22796b4f8,core.src.main.java.org.infinispan.notifications.cachelistener.CacheNotifierImpl,752,140,798,46,0,0,144,4,0,0,797,45,1,1,144,4,0,0,796,44,1,2,144,4,0,0,797,45,1,1,144,4,0,0,797,45,1,1,144,4,0,0,797,45,1,1,144,4,0,0
https://github.com/infinispan/infinispan/commit/03573a655bcbb77f7a76d8e22d851cc22796b4f8,core.src.test.java.org.infinispan.statetransfer.DataRehashedEventTest,11,8,66,55,2,2,11,3,0,0,67,56,0,1,10,2,0,1,68,57,0,0,11,3,0,0,66,55,0,2,11,3,0,0,67,56,0,1,9,1,1,2,68,57,0,0,11,3,0,0
https://github.com/jOOQ/jOOQ/commit/227254cf769f3e821ed1b2ef2d88c4ec6b20adea,jOOQ.src.main.java.org.jooq.Result,0,205,0,0,0,0,209,4,0,0,0,0,0,0,206,1,3,3,0,0,0,0,206,1,3,3,0,0,0,0,209,4,0,0,0,0,0,0,206,1,3,3,0,0,0,0,206,1,3,3
https://github.com/jOOQ/jOOQ/commit/227254cf769f3e821ed1b2ef2d88c4ec6b20adea,jOOQ.src.main.java.org.jooq.impl.ResultImpl,1024,256,1067,43,0,0,266,10,0,0,1056,32,7,11,257,1,6,9,1057,33,8,10,258,2,7,8,1051,27,6,16,266,10,0,0,1058,34,9,9,257,1,9,9,1058,34,9,9,259,3,7,7
https://github.com/jOOQ/jOOQ/commit/58a4e74d28073e7c6f15d1f225ac1c2fd9aa4357,jOOQ.src.main.java.org.jooq.tools.Convert,99,21,539,440,0,0,26,5,0,0,518,419,7,21,26,5,0,0,515,416,6,24,26,5,0,0,507,408,2,32,26,5,0,0,507,408,4,32,25,4,1,1,517,418,7,22,26,5,0,0
https://github.com/jOOQ/jOOQ/commit/58a4e74d28073e7c6f15d1f225ac1c2fd9aa4357,jOOQ.src.test.java.org.jooq.test.ConvertAllTest,315,19,346,31,0,0,21,2,0,0,346,31,0,0,21,2,0,0,346,31,0,0,21,2,0,0,346,31,0,0,21,2,0,0,346,31,0,0,21,2,0,0,346,31,0,0,21,2,0,0
https://github.com/jayway/rest-assured/commit/7cac88b9a28efc05bdc60e585e3291862ffc9da1,examples.rest-assured-itest-java.src.test.java.com.jayway.restassured.itest.java.SSLITest,113,22,119,6,0,0,25,3,0,0,113,0,0,6,23,1,0,2,113,0,0,6,23,1,0,2,113,0,0,6,23,1,0,2,113,0,0,6,23,1,0,2,113,0,0,6,23,1,0,2
https://github.com/jayway/rest-assured/commit/7cac88b9a28efc05bdc60e585e3291862ffc9da1,examples.rest-assured-itest-java.src.test.java.com.jayway.restassured.itest.java.SpecificationBuilderITest,130,28,136,6,0,0,31,3,0,0,130,0,0,6,29,1,0,2,130,0,0,6,29,1,0,2,130,0,0,6,29,1,0,2,130,0,0,6,29,1,0,2,130,0,0,6,29,1,0,2
https://github.com/jboss-developer/jboss-eap-quickstarts/commit/983e0e0e22ab5bd2c6ea44235518057ea45dcca9,helloworld-html5.src.main.java.org.jboss.as.quickstarts.poh5helloworld.HelloService,2,2,2,0,0,0,2,0,0,0,2,0,0,0,2,0,0,0,2,0,0,0,2,0,0,0,2,0,0,0,2,0,0,0,2,0,0,0,2,0,0,0,2,0,0,0,2,0,0,0
https://github.com/jboss-developer/jboss-eap-quickstarts/commit/983e0e0e22ab5bd2c6ea44235518057ea45dcca9,helloworld-html5.src.main.java.org.jboss.as.quickstarts.poh5helloworld.HelloWorld,6,4,6,0,0,0,4,0,0,0,6,0,0,0,4,0,0,0,6,0,0,0,4,0,0,0,6,0,0,0,4,0,0,0,6,0,0,0,4,0,0,0,6,0,0,0,4,0,0,0
https://github.com/jline/jline2/commit/80d3ffb5aafa90992385c17e8338c2cc5def3cec,src.main.java.jline.console.ConsoleReader,2141,201,2156,15,0,0,204,3,0,0,2152,11,1,4,202,1,1,2,2154,13,2,2,202,1,2,2,2149,8,0,7,204,3,0,0,2153,12,3,3,202,1,2,2,2154,13,2,2,202,1,2,2
https://github.com/junit-team/junit5/commit/6b575f2ee5f02288a774ff0a85ce3a3e3cb6946f,junit5-engine.src.main.java.org.junit.gen5.engine.junit5.descriptor.ClassTestDescriptor,45,20,78,33,0,2,31,11,0,0,66,21,3,14,28,8,0,3,62,17,3,18,26,6,0,5,66,21,3,14,28,8,0,3,66,21,3,14,28,8,0,3,66,21,3,14,28,8,0,3
https://github.com/k9mail/k-9/commit/9d44f0e06232661259681d64002dd53c7c43099d,k9mail-library.src.main.java.com.fsck.k9.mail.transport.SmtpTransport,415,34,450,35,0,0,38,4,0,0,448,33,0,2,38,4,0,0,449,34,0,1,38,4,0,0,447,32,0,3,38,4,0,0,448,33,1,2,37,3,1,1,448,33,0,2,38,4,0,0
https://github.com/k9mail/k-9/commit/9d44f0e06232661259681d64002dd53c7c43099d,k9mail.src.main.java.com.fsck.k9.controller.MessagingController,3282,288,3404,122,0,0,290,2,0,0,3392,110,5,12,290,2,0,0,3398,116,2,6,290,2,0,0,3392,110,5,12,290,2,0,0,3390,108,6,14,289,1,1,1,3392,110,4,12,290,2,0,0
https://github.com/kiegroup/drools/commit/7ffc62aa554f5884064b81ee80078e35e3833006,drools-persistence-jpa.src.main.java.org.drools.persistence.SingleSessionCommandService,250,40,289,39,0,0,44,4,0,0,288,38,1,1,43,3,1,1,288,38,1,1,43,3,1,1,289,39,0,0,44,4,0,0,287,37,2,2,43,3,1,1,288,38,1,1,43,3,1,1
https://github.com/kiegroup/drools/commit/7ffc62aa554f5884064b81ee80078e35e3833006,drools-persistence-jpa.src.test.java.org.drools.persistence.session.JpaPersistentStatefulSessionTest,316,18,316,0,0,0,19,1,0,0,316,0,0,0,19,1,0,0,316,0,0,0,19,1,0,0,316,0,0,0,19,1,0,0,316,0,0,0,19,1,0,0,316,0,0,0,19,1,0,0
https://github.com/kiegroup/jbpm/commit/83cfa21578e63956bca0715eefee2860c3b6d39a,jbpm-human-task.jbpm-human-task-workitems.src.test.java.org.jbpm.services.task.wih.HTWorkItemHandlerBaseTest,566,51,591,25,0,0,53,2,0,0,585,19,4,6,53,2,0,0,586,20,4,5,53,2,0,0,579,13,1,12,53,2,0,0,572,6,14,19,52,1,1,1,584,18,1,7,53,2,0,0
https://github.com/koush/AndroidAsync/commit/1bc7905b07821f840068089343e6b77a8686d1ab,AndroidAsync.src.com.koushikdutta.async.http.AsyncHttpResponseImpl,95,43,102,7,0,0,45,2,0,0,101,6,1,1,44,1,1,1,101,6,1,1,45,2,0,0,102,7,0,0,45,2,0,0,102,7,0,0,44,1,1,1,101,6,1,1,44,1,1,1
https://github.com/koush/AndroidAsync/commit/1bc7905b07821f840068089343e6b77a8686d1ab,AndroidAsync.src.com.koushikdutta.async.http.cache.ResponseCacheMiddleware,256,98,428,172,0,3,107,9,0,1,431,175,0,0,108,10,0,0,431,175,0,0,108,10,0,0,431,175,0,0,107,9,0,1,431,175,0,0,108,10,0,0,431,175,0,0,108,10,0,0
https://github.com/kuujo/copycat/commit/19a49f8f36b2f6d82534dc13504d672e41a3a8d1,raft.src.main.java.net.kuujo.copycat.raft.state.ActiveState,120,10,222,102,0,0,18,8,0,0,129,9,0,93,12,2,0,6,129,9,0,93,12,2,0,6,126,6,0,96,11,1,0,7,129,9,0,93,12,2,0,6,129,9,0,93,12,2,0,6
https://github.com/kuujo/copycat/commit/19a49f8f36b2f6d82534dc13504d672e41a3a8d1,raft.src.main.java.net.kuujo.copycat.raft.state.PassiveState,68,11,163,95,0,0,19,8,0,0,69,1,2,94,12,1,0,7,70,2,1,93,13,2,0,6,70,2,0,93,13,2,0,6,69,1,3,94,12,1,1,7,69,1,2,94,12,1,0,7
https://github.com/languagetool-org/languagetool/commit/01cddc5afb590b4d36cb784637a8ea8aa31d3561,languagetool-gui-commons.src.main.java.org.languagetool.gui.ConfigurationDialog,200,41,328,128,0,0,43,2,0,0,303,103,19,25,42,1,0,1,306,106,20,22,43,2,0,0,303,103,19,25,43,2,0,0,297,97,4,31,42,1,1,1,306,106,22,22,43,2,0,0
https://github.com/lealone/Lealone/commit/7a2e0ae5f6172cbe34f9bc4a5cde666314ff75dd,lealone-sql.src.main.java.org.lealone.command.ddl.AlterUser,16,15,52,36,0,0,18,3,0,0,48,32,1,4,18,3,0,0,45,29,0,7,18,3,0,0,48,32,1,4,18,3,0,0,48,32,2,4,18,3,0,0,48,32,1,4,17,2,0,1
https://github.com/lealone/Lealone/commit/7a2e0ae5f6172cbe34f9bc4a5cde666314ff75dd,lealone-sql.src.main.java.org.lealone.command.ddl.CreateUser,16,15,54,38,0,0,19,4,0,0,50,34,3,4,19,4,0,0,51,35,2,3,19,4,0,0,50,34,1,4,19,4,0,0,50,34,3,4,18,3,2,1,51,35,4,3,19,4,1,0
https://github.com/libgdx/libgdx/commit/2bd1557bc293cb8c2348374771aad832befbe26f,gdx.src.com.badlogic.gdx.scenes.scene2d.ui.CheckBox,45,16,51,6,2,2,18,2,0,0,53,8,0,0,18,2,0,0,53,8,0,0,18,2,0,0,51,6,1,2,18,2,0,0,49,4,4,4,17,1,1,1,49,4,3,4,17,1,1,1
https://github.com/libgdx/libgdx/commit/2bd1557bc293cb8c2348374771aad832befbe26f,tests.gdx-tests.src.com.badlogic.gdx.tests.Scene2dTest,33,14,99,66,0,0,16,2,0,0,96,63,3,3,16,2,0,0,96,63,2,3,16,2,0,0,99,66,0,0,16,2,0,0,98,65,1,1,16,2,0,0,98,65,1,1,16,2,0,0
https://github.com/liferay/liferay-plugins/commit/720b0d2064ecc4403809e794075e9fe8cfa857f1,portlets.calendar-portlet.docroot.WEB-INF.src.com.liferay.calendar.portlet.CalendarPortlet,489,36,494,5,0,0,38,2,0,0,494,5,0,0,38,2,0,0,494,5,0,0,38,2,0,0,494,5,0,0,38,2,0,0,494,5,0,0,38,2,0,0,494,5,0,0,38,2,0,0
https://github.com/liferay/liferay-plugins/commit/720b0d2064ecc4403809e794075e9fe8cfa857f1,portlets.calendar-portlet.docroot.WEB-INF.src.com.liferay.calendar.service.impl.CalendarBookingLocalServiceImpl,300,40,410,110,0,0,44,4,0,0,409,109,1,1,43,3,1,1,409,109,1,1,43,3,1,1,410,110,0,0,44,4,0,0,407,107,3,3,43,3,1,1,409,109,1,1,43,3,1,1
https://github.com/liferay/liferay-plugins/commit/7c7ecf4cffda166938efd0ae34830e2979c25c73,webs.sync-web.docroot.WEB-INF.src.com.liferay.sync.hook.listeners.ResourcePermissionModelListener,0,0,20,20,0,0,2,2,0,0,11,11,4,9,2,2,0,0,12,12,3,8,2,2,0,0,7,7,4,13,2,2,0,0,8,8,4,12,1,1,1,1,8,8,1,12,2,2,0,0
https://github.com/liferay/liferay-plugins/commit/7c7ecf4cffda166938efd0ae34830e2979c25c73,webs.sync-web.docroot.WEB-INF.src.com.liferay.sync.service.impl.SyncDLObjectLocalServiceImpl,97,6,97,0,0,0,7,1,0,0,97,0,0,0,7,1,0,0,97,0,0,0,7,1,0,0,97,0,0,0,7,1,0,0,97,0,0,0,7,1,0,0,97,0,0,0,7,1,0,0
https://github.com/liferay/liferay-plugins/commit/d99695841fa675ea9150602b1132f037093e867d,portlets.marketplace-portlet.docroot.WEB-INF.src.com.liferay.marketplace.store.portlet.RemoteMVCPortlet,15,2,40,25,0,0,5,3,0,0,39,24,1,1,4,2,1,1,38,23,1,2,4,2,1,1,38,23,0,2,5,3,0,0,39,24,0,1,4,2,1,1,38,23,1,2,4,2,1,1
https://github.com/liferay/liferay-portal/commit/59fd9e696cec5f2ed44c27422bbc426b11647321,modules.sdk.gradle-plugins-poshi-runner.src.com.liferay.gradle.plugins.poshi.runner.PoshiRunnerPlugin,96,22,135,39,0,0,27,5,0,0,135,39,0,0,27,5,0,0,134,38,0,1,27,5,0,0,135,39,0,0,27,5,0,0,135,39,0,0,27,5,0,0,135,39,0,0,27,5,0,0
https://github.com/liferay/liferay-portal/commit/59fd9e696cec5f2ed44c27422bbc426b11647321,modules.sdk.gradle-util.src.com.liferay.gradle.util.GradleUtil,108,24,115,7,0,0,26,2,0,0,114,6,1,1,25,1,1,1,114,6,1,1,25,1,1,1,114,6,0,1,26,2,0,0,114,6,1,1,25,1,1,1,114,6,1,1,25,1,1,1
https://github.com/linkedin/rest.li/commit/bd0d3bf75d31a8b5db34b8b66dfb28e5e1f492de,generator.src.main.java.com.linkedin.pegasus.generator.JavaCodeGeneratorBase,13,25,29,16,0,0,32,7,0,0,29,16,0,0,27,2,0,5,29,16,0,0,27,2,0,5,29,16,0,0,27,2,0,5,29,16,0,0,27,2,0,5,29,16,0,0,27,2,0,5
https://github.com/linkedin/rest.li/commit/bd0d3bf75d31a8b5db34b8b66dfb28e5e1f492de,generator.src.main.java.com.linkedin.pegasus.generator.JavaDataTemplateGenerator,331,48,500,169,0,0,65,17,0,0,495,164,4,5,59,11,0,6,497,166,2,3,59,11,0,6,496,165,4,4,60,12,0,5,495,164,5,5,56,8,4,9,496,165,4,4,60,12,0,5
https://github.com/mockito/mockito/commit/2d036ecf1d7170b4ec7346579a1ef8904109530a,mockmaker.bytebuddy.main.java.org.mockito.internal.creation.bytebuddy.MockBytecodeGenerator,12,6,23,11,0,0,9,3,0,0,23,11,0,0,9,3,0,0,23,11,0,0,9,3,0,0,23,11,0,0,9,3,0,0,21,9,2,2,8,2,1,1,23,11,0,0,9,3,0,0
https://github.com/mockito/mockito/commit/2d036ecf1d7170b4ec7346579a1ef8904109530a,mockmaker.bytebuddy.main.java.org.mockito.internal.creation.bytebuddy.MockMethodInterceptor,28,20,28,0,0,0,22,2,0,0,28,0,0,0,22,2,0,0,28,0,0,0,22,2,0,0,28,0,0,0,21,1,1,1,28,0,0,0,21,1,1,1,28,0,0,0,22,2,0,0
https://github.com/netty/netty/commit/303cb535239a6f07cbe24a033ef965e2f55758eb,handler.src.main.java.io.netty.handler.ssl.OpenSslEngine,931,127,951,20,0,0,131,4,0,0,950,19,2,1,131,4,0,0,950,19,2,1,131,4,0,0,950,19,2,1,131,4,0,0,950,19,2,1,130,3,1,1,950,19,2,1,131,4,0,0
https://github.com/netty/netty/commit/9d347ffb91f34933edb7b1124f6b70c3fc52e220,codec-http.src.main.java.io.netty.handler.codec.http.HttpObjectDecoder,408,46,468,60,0,0,52,6,0,0,462,54,0,6,51,5,0,1,467,59,1,1,52,6,0,0,464,56,1,4,52,6,0,0,465,57,3,3,52,6,0,0,462,54,3,6,52,6,0,0
https://github.com/netty/netty/commit/9d347ffb91f34933edb7b1124f6b70c3fc52e220,common.src.main.java.io.netty.util.internal.AppendableCharSequence,56,12,69,13,0,0,15,3,0,0,69,13,1,0,14,2,1,1,68,12,1,1,14,2,1,1,69,13,1,0,15,3,0,0,69,13,1,0,15,3,0,0,67,11,1,2,14,2,1,1
https://github.com/nutzam/nutz/commit/6599c748ef35d38085703cf3bd41b9b5b6af5f32,src.org.nutz.dao.Cnd,108,46,145,37,2,4,49,3,0,0,146,38,1,3,48,2,1,1,145,37,1,4,48,2,1,1,143,35,0,6,49,3,0,0,144,36,3,5,47,1,2,2,146,38,1,3,48,2,1,1
https://github.com/nutzam/nutz/commit/6599c748ef35d38085703cf3bd41b9b5b6af5f32,test.org.nutz.dao.texp.CndTest,80,18,80,0,0,0,19,1,0,0,80,0,0,0,19,1,0,0,80,0,0,0,19,1,0,0,80,0,0,0,19,1,0,0,80,0,0,0,19,1,0,0,80,0,0,0,19,1,0,0
https://github.com/nutzam/nutz/commit/de7efe40dad0f4bb900c4fffa80ed377745532b3,src.org.nutz.dao.util.Daos,209,18,380,171,0,0,37,19,0,0,378,169,3,2,36,18,1,1,378,169,3,2,36,18,1,1,365,156,1,15,36,18,0,1,372,163,10,8,36,18,1,1,372,163,8,8,35,17,2,2
https://github.com/openhab/openhab1-addons/commit/cf1efb6d27a4037cdbe5a780afa6053859a60d4a,bundles.core.org.openhab.core.jsr223.src.main.java.org.openhab.core.jsr223.internal.engine.scriptmanager.Script,18,9,56,38,1,1,13,4,0,0,56,38,1,1,12,3,1,1,55,37,1,2,12,3,1,1,55,37,0,2,13,4,0,0,54,36,3,3,12,3,1,1,56,38,1,1,12,3,1,1
https://github.com/openhab/openhab1-addons/commit/cf1efb6d27a4037cdbe5a780afa6053859a60d4a,bundles.core.org.openhab.core.jsr223.src.main.java.org.openhab.core.jsr223.internal.engine.scriptmanager.ScriptManager,77,20,97,20,0,0,22,2,0,0,96,19,1,1,22,2,0,0,96,19,1,1,22,2,0,0,96,19,1,1,22,2,0,0,97,20,0,0,22,2,0,0,96,19,1,1,22,2,0,0
https://github.com/openhab/openhab1-addons/commit/f25fa3ae35e4a60a2b7f79a88f14d46ce6cebf55,bundles.core.org.openhab.core.library.test.src.test.java.org.openhab.core.library.types.DateTimeTypeTest,16,11,45,29,0,0,14,3,0,0,44,28,0,1,14,3,0,0,45,29,0,0,14,3,0,0,44,28,0,1,14,3,0,0,44,28,0,1,13,2,1,1,44,28,0,1,14,3,0,0
https://github.com/opentripplanner/OpenTripPlanner/commit/334dbc7cf3432e7c17b0ed98801e61b0b591b408,src.main.java.org.opentripplanner.analyst.cluster.AnalystWorker,207,25,247,40,0,0,30,5,0,0,245,38,0,2,28,3,0,2,245,38,0,2,28,3,0,2,245,38,0,2,28,3,0,2,245,38,0,2,26,1,1,4,245,38,0,2,28,3,0,2
https://github.com/orientechnologies/orientdb/commit/1089957b645bde069d3864563bbf1f7c7da8045c,core.src.main.java.com.orientechnologies.orient.core.db.tool.ODatabaseImport,919,91,925,6,0,0,93,2,0,0,924,5,1,1,92,1,1,1,924,5,1,1,92,1,1,1,924,5,0,1,93,2,0,0,924,5,1,1,92,1,1,1,924,5,1,1,92,1,1,1
https://github.com/osmandapp/Osmand/commit/c45b9e6615181b7d8f4d7b5b1cc141169081c02c,OsmAnd.src.net.osmand.plus.views.RouteLayer,222,36,352,130,0,2,39,3,0,0,343,121,5,11,39,3,0,0,335,113,7,19,39,3,0,0,330,108,3,24,39,3,0,0,335,113,4,19,38,2,1,1,343,121,4,11,39,3,0,0
https://github.com/phishman3579/java-algorithms-implementation/commit/4ffcb5a65e6d24c58ef75a5cd7692e875619548d,src.com.jwetherell.algorithms.data_structures.timing.DataStructuresTiming,1385,65,1394,9,0,0,67,2,0,0,1394,9,0,0,67,2,0,0,1394,9,0,0,67,2,0,0,1392,7,2,2,67,2,0,0,1393,8,1,1,67,2,0,0,1392,7,2,2,67,2,0,0
https://github.com/phishman3579/java-algorithms-implementation/commit/4ffcb5a65e6d24c58ef75a5cd7692e875619548d,src.com.jwetherell.algorithms.sorts.timing.SortsTiming,74,44,580,506,0,0,46,2,0,0,545,471,35,35,46,2,0,0,545,471,2,35,46,2,0,0,544,470,36,36,46,2,0,0,544,470,36,36,46,2,0,0,545,471,35,35,46,2,0,0
https://github.com/phishman3579/java-algorithms-implementation/commit/ab98bcacf6e5bf1c3a06f6bcca68f178f880ffc9,src.com.jwetherell.algorithms.data_structures.timing.DataStructuresTiming,27,19,1710,1683,3,2,106,87,0,0,592,565,478,1120,66,47,0,40,567,540,515,1145,68,49,26,38,528,501,417,1184,27,8,1,79,994,967,146,718,98,79,3,8,301,274,595,1411,64,45,0,42
https://github.com/phishman3579/java-algorithms-implementation/commit/ab98bcacf6e5bf1c3a06f6bcca68f178f880ffc9,src.com.jwetherell.algorithms.sorts.timing.SortsTiming,45,22,529,484,1,4,35,13,0,3,148,103,6,385,23,1,0,15,145,100,6,388,26,4,0,12,121,76,13,412,36,14,0,2,151,106,23,382,35,13,1,3,143,98,21,390,35,13,0,3
https://github.com/phishman3579/java-algorithms-implementation/commit/f2385a56e6aa040ea4ff18a23ce5b63a4eeacf29,src.com.jwetherell.algorithms.sorts.timing.SortsTiming,41,45,591,550,0,0,48,3,0,0,546,505,45,45,48,3,0,0,545,504,45,46,48,3,0,0,550,509,41,41,48,3,0,0,554,513,36,37,48,3,0,0,549,508,42,42,48,3,0,0
https://github.com/pockethub/PocketHub/commit/a7401e5091c06c68fae499ea1972b40143c66fa9,app.src.main.java.com.github.mobile.accounts.LoginActivity,45,22,85,40,0,2,30,8,0,0,82,37,3,5,28,6,1,2,83,38,1,4,29,7,1,1,72,27,5,15,28,6,1,2,82,37,5,5,28,6,2,2,82,37,3,5,28,6,2,2
https://github.com/processing/processing/commit/8707194f003444a9fb8e00bffa2893ef0c2492c6,core.src.processing.opengl.PSurfaceJOGL,368,84,472,104,0,0,90,6,0,0,468,100,1,4,89,5,0,1,467,99,1,5,89,5,0,1,469,101,4,3,90,6,0,0,466,98,7,6,90,6,0,0,469,101,5,3,90,6,0,0
https://github.com/processing/processing/commit/acf67c8cb58d13827e14bbeeec11a66f9277015f,core.src.processing.core.PApplet,3995,834,4131,136,0,0,836,2,0,0,4130,135,1,1,835,1,1,1,4130,135,1,1,835,1,1,1,4130,135,1,1,836,2,0,0,4130,135,1,1,835,1,1,1,4130,135,1,1,835,1,1,1
https://github.com/processing/processing/commit/d7f781da42e54824c17875a6036d3448672637f5,core.src.processing.core.PConstants,0,165,0,0,0,0,171,6,0,0,0,0,0,0,166,1,0,5,0,0,0,0,166,1,0,5,0,0,0,0,166,1,0,5,0,0,0,0,166,1,0,5,0,0,0,0,166,1,0,5
https://github.com/processing/processing/commit/d7f781da42e54824c17875a6036d3448672637f5,core.src.processing.core.PGraphics,2290,474,2297,7,0,0,480,6,0,0,2297,7,0,0,475,1,0,5,2297,7,0,0,475,1,0,5,2297,7,0,0,475,1,0,5,2297,7,0,0,475,1,0,5,2297,7,0,0,475,1,0,5
https://github.com/processing/processing/commit/f36b736cf1206dd1af794d6fb4cee967a3553b1f,core.src.processing.opengl.PGL,1137,637,1251,114,0,0,639,2,0,0,1251,114,0,0,639,2,0,0,1251,114,0,0,639,2,0,0,1251,114,0,0,639,2,0,0,1242,105,1,9,638,1,1,1,1251,114,0,0,639,2,0,0
https://github.com/raphw/byte-buddy/commit/f1dfb66a368760e77094ac1e3860b332cf0e4eb5,byte-buddy-dep.src.main.java.net.bytebuddy.description.method.ParameterList,71,28,92,21,0,0,44,16,0,0,86,15,0,6,41,13,0,3,86,15,0,6,41,13,0,3,84,13,0,8,40,12,0,4,84,13,0,8,40,12,0,4,86,15,0,6,41,13,0,3
https://github.com/raphw/byte-buddy/commit/fd000ca2e78fce2f8aa11e6a81e4f23c2f1348e6,byte-buddy-dep.src.main.java.net.bytebuddy.dynamic.scaffold.subclass.SubclassImplementationTarget,12,12,24,12,0,0,15,3,0,0,23,11,1,1,14,2,1,1,23,11,1,1,14,2,1,1,23,11,1,1,15,3,0,0,23,11,1,1,14,2,1,1,23,11,1,1,14,2,1,1
https://github.com/ratpack/ratpack/commit/da6167af3bdbf7663af6c20fb603aba27dd5e174,ratpack-core.src.main.java.ratpack.server.internal.DefaultResponseTransmitter,97,26,132,35,0,0,31,5,0,0,130,33,2,2,30,4,1,1,130,33,2,2,30,4,1,1,128,31,1,4,31,5,0,0,129,32,3,3,30,4,1,1,128,31,4,4,30,4,1,1
https://github.com/real-logic/Aeron/commit/35893c115ba23bd62a7036a33390420f074ce660,aeron-driver.src.test.java.uk.co.real_logic.aeron.driver.DriverConductorTest,97,44,198,101,0,0,56,12,0,0,178,81,13,20,55,11,1,1,179,82,4,19,56,12,0,0,174,77,18,24,56,12,0,0,175,78,16,23,55,11,1,1,170,73,20,28,53,9,1,3
https://github.com/redsolution/xabber-android/commit/faaf826e901f43d1b46105b18e655eb120f3ffef,app.src.main.java.com.xabber.android.ui.ContactAdd,36,10,38,2,0,0,12,2,0,0,38,2,0,0,12,2,0,0,38,2,0,0,12,2,0,0,38,2,0,0,12,2,0,0,38,2,0,0,12,2,0,0,38,2,0,0,12,2,0,0
https://github.com/redsolution/xabber-android/commit/faaf826e901f43d1b46105b18e655eb120f3ffef,app.src.main.java.com.xabber.android.ui.ContactAddFragment,89,21,114,25,0,0,23,2,0,0,114,25,0,0,23,2,0,0,114,25,0,0,23,2,0,0,114,25,0,0,23,2,0,0,114,25,0,0,23,2,0,0,114,25,0,0,23,2,0,0
https://github.com/restlet/restlet-framework-java/commit/7ffe37983e2f09637b0c84d526a2f824de652de4,modules.org.restlet.ext.apispark.src.org.restlet.ext.apispark.internal.conversion.swagger.v2_0.Swagger2Reader,330,18,342,12,0,0,20,2,0,0,339,9,1,3,19,1,1,1,338,8,1,4,19,1,1,1,336,6,3,6,20,2,0,0,337,7,3,5,19,1,1,1,336,6,1,6,19,1,1,1
https://github.com/robovm/robovm/commit/7837d0baf1aef45340eec699516a8c3a22aeb553,compiler.src.main.java.org.robovm.compiler.target.ios.IOSTarget,572,59,617,45,0,0,62,3,0,0,616,44,1,1,61,2,1,1,616,44,1,1,61,2,1,1,603,31,3,14,62,3,0,0,612,40,1,5,61,2,1,1,616,44,1,1,61,2,1,1
https://github.com/rstudio/rstudio/commit/4983f83d1bedb7b737fc56d409c1c06b04e34e4e,src.gwt.src.org.rstudio.core.client.widget.ThemedCheckBox,17,20,42,25,0,0,23,3,0,0,41,24,1,1,22,2,1,1,40,23,1,2,22,2,1,1,40,23,0,2,23,3,0,0,41,24,1,1,23,3,0,0,41,24,1,1,22,2,1,1
https://github.com/rstudio/rstudio/commit/4983f83d1bedb7b737fc56d409c1c06b04e34e4e,src.gwt.src.org.rstudio.studio.client.workbench.views.source.editors.text.ChunkOptionsPopupPanel,190,56,274,84,1,2,60,4,0,0,272,82,2,4,59,3,0,1,269,79,1,7,60,4,0,0,268,78,8,8,60,4,0,0,270,80,5,6,60,4,0,0,269,79,8,7,60,4,0,0
https://github.com/rstudio/rstudio/commit/cb49e436b9d7ee55f2531ebc2ef1863f5c9ba9fe,src.gwt.src.org.rstudio.core.client.widget.ScrollableToolbarPopupMenu,23,11,30,7,0,0,13,2,0,0,30,7,0,0,13,2,0,0,30,7,0,0,13,2,0,0,29,6,1,1,13,2,0,0,29,6,1,1,13,2,0,0,30,7,0,0,13,2,0,0
https://github.com/selendroid/selendroid/commit/e4a309c160285708f917ea23238573da3b677f7f,selendroid-standalone.src.main.java.io.selendroid.standalone.android.impl.AbstractDevice,315,53,365,50,0,0,55,2,0,0,365,50,0,0,55,2,0,0,365,50,0,0,55,2,0,0,365,50,0,0,55,2,0,0,364,49,1,1,54,1,1,1,364,49,1,1,55,2,0,0
https://github.com/spotify/helios/commit/3ffd70929c08be5cf14f156189e8050969caa87e,helios-services.src.main.java.com.spotify.helios.master.ZooKeeperMasterModel,921,79,948,27,0,0,81,2,0,0,946,25,1,2,81,2,0,0,947,26,1,1,81,2,0,0,944,23,0,4,81,2,0,0,944,23,0,4,80,1,1,1,946,25,1,2,81,2,0,0
https://github.com/spotify/helios/commit/da39bfeb9c370abe2d86e6e327fade252434090d,helios-tools.src.main.java.com.spotify.helios.cli.command.DeploymentGroupStatusCommand,24,4,53,29,0,0,6,2,0,0,52,28,1,1,5,1,1,1,52,28,1,1,5,1,1,1,53,29,0,0,6,2,0,0,52,28,1,1,5,1,1,1,52,28,1,1,5,1,1,1
https://github.com/spotify/helios/commit/da39bfeb9c370abe2d86e6e327fade252434090d,helios-tools.src.main.java.com.spotify.helios.cli.command.DeploymentGroupWatchCommand,0,2,18,18,0,1,5,3,0,0,17,17,1,2,4,2,0,1,19,19,0,0,5,3,0,0,14,14,1,5,5,3,0,0,17,17,3,2,4,2,1,1,14,14,3,5,4,2,0,1
https://github.com/spring-projects/spring-boot/commit/1cfc6f64f64353bc5530a8ce8cdacfc3eba3e7b2,spring-boot.src.main.java.org.springframework.boot.orm.jpa.EntityScanRegistrar,15,9,40,25,0,2,12,3,0,0,39,24,1,3,11,2,1,1,40,25,2,2,11,2,1,1,33,18,2,9,11,2,1,1,38,23,4,4,11,2,1,1,39,24,1,3,11,2,1,1
https://github.com/spring-projects/spring-boot/commit/1cfc6f64f64353bc5530a8ce8cdacfc3eba3e7b2,spring-boot.src.test.java.org.springframework.boot.orm.jpa.EntityScanTests,46,32,46,0,0,0,33,1,0,0,46,0,0,0,33,1,0,0,46,0,0,0,33,1,0,0,46,0,0,0,33,1,0,0,46,0,0,0,33,1,0,0,46,0,0,0,33,1,0,0
https://github.com/spring-projects/spring-boot/commit/20d39f7af2165c67d5221f556f58820c992d2cc6,spring-boot.src.main.java.org.springframework.boot.cloudfoundry.VcapApplicationListener,59,13,90,31,0,0,15,2,0,0,86,27,1,4,15,2,0,0,88,29,1,2,15,2,0,0,83,24,0,7,15,2,0,0,76,17,6,14,14,1,1,1,83,24,0,7,15,2,0,0
https://github.com/spring-projects/spring-boot/commit/cb98ee25ff52bf97faebe3f45cdef0ced9b4416e,spring-boot-autoconfigure.src.main.java.org.springframework.boot.autoconfigure.web.WebMvcProperties,22,16,22,0,0,0,19,3,0,0,22,0,0,0,19,3,0,0,22,0,0,0,19,3,0,0,22,0,0,0,19,3,0,0,22,0,0,0,19,3,0,0,22,0,0,0,19,3,0,0
https://github.com/spring-projects/spring-boot/commit/cb98ee25ff52bf97faebe3f45cdef0ced9b4416e,spring-boot-autoconfigure.src.test.java.org.springframework.boot.autoconfigure.web.WebMvcAutoConfigurationTests,46,24,177,131,0,0,44,20,0,0,113,67,15,64,40,16,0,4,117,71,1,60,44,20,0,0,114,68,19,63,44,20,0,0,114,68,20,63,43,19,1,1,115,69,21,62,42,18,0,2
https://github.com/spring-projects/spring-data-mongodb/commit/3224fa8ce7e0079d6ad507e17534cdf01f758876,spring-data-mongodb.src.main.java.org.springframework.data.mongodb.core.convert.UpdateMapper,88,29,97,9,0,0,31,2,0,0,96,8,1,1,30,1,1,1,96,8,1,1,30,1,1,1,94,6,0,3,31,2,0,0,96,8,1,1,30,1,1,1,96,8,1,1,30,1,1,1
https://github.com/spring-projects/spring-data-mongodb/commit/3224fa8ce7e0079d6ad507e17534cdf01f758876,spring-data-mongodb.src.test.java.org.springframework.data.mongodb.core.convert.UpdateMapperUnitTests,336,136,336,0,0,0,137,1,0,0,336,0,0,0,137,1,0,0,336,0,0,0,137,1,0,0,336,0,0,0,137,1,0,0,336,0,0,0,137,1,0,0,336,0,0,0,137,1,0,0
https://github.com/spring-projects/spring-framework/commit/dd4bc630c3de70204081ab196945d6b55ab03beb,spring-aop.src.main.java.org.springframework.aop.interceptor.AsyncExecutionAspectSupport,37,13,63,26,0,0,18,5,0,0,37,0,0,26,14,1,0,4,37,0,0,26,14,1,0,4,37,0,0,26,14,1,0,4,37,0,0,26,14,1,0,4,37,0,0,26,14,1,0,4
https://github.com/spring-projects/spring-framework/commit/dd4bc630c3de70204081ab196945d6b55ab03beb,spring-aop.src.main.java.org.springframework.aop.interceptor.AsyncExecutionInterceptor,20,5,47,27,0,0,8,3,0,0,29,9,0,18,7,2,0,1,29,9,0,18,7,2,0,1,29,9,0,18,7,2,0,1,28,8,2,19,6,1,1,2,29,9,0,18,7,2,0,1
https://github.com/spring-projects/spring-hateoas/commit/8bdc57ba8975d851fe91edc908761aacea624766,src.test.java.org.springframework.hateoas.mvc.TypeConstrainedMappingJackson2HttpMessageConverterUnitTest,2,1,8,6,2,4,4,3,0,0,4,2,8,8,3,2,1,1,4,2,8,8,3,2,1,1,6,4,6,6,4,3,0,0,6,4,8,6,4,3,1,0,5,3,9,7,4,3,1,0
https://github.com/spring-projects/spring-integration/commit/247232bdde24b81814a82100743f77d881aaf06b,spring-integration-file.src.main.java.org.springframework.integration.file.FileWritingMessageHandler,149,36,257,108,0,1,41,5,0,0,256,107,1,2,40,4,1,1,255,106,1,3,40,4,1,1,209,60,0,49,40,4,0,1,252,103,4,6,40,4,1,1,256,107,1,2,40,4,1,1
https://github.com/spring-projects/spring-integration/commit/247232bdde24b81814a82100743f77d881aaf06b,spring-integration-file.src.test.java.org.springframework.integration.file.FileWritingMessageHandlerTests,200,31,200,0,0,0,32,1,0,0,200,0,0,0,32,1,0,0,200,0,0,0,32,1,0,0,200,0,0,0,32,1,0,0,200,0,0,0,32,1,0,0,200,0,0,0,32,1,0,0
https://github.com/spring-projects/spring-security/commit/fcc9a34356817d93c24b5ccf3107ec234a28b136,web.src.main.java.org.springframework.security.web.context.SaveContextOnUpdateOrErrorResponseWrapper,20,8,166,146,0,1,85,77,0,0,29,9,1,138,13,5,0,72,29,9,1,138,13,5,0,72,29,9,1,138,12,4,0,73,29,9,1,138,12,4,1,73,29,9,1,138,13,5,0,72
https://github.com/square/javapoet/commit/5a37c2aa596377cb4c9b6f916614407fd0a7d3db,src.main.java.com.squareup.javapoet.TypeVariableName,30,11,50,20,0,0,13,2,0,0,50,20,0,0,13,2,0,0,50,20,0,0,13,2,0,0,50,20,0,0,13,2,0,0,50,20,0,0,13,2,0,0,50,20,0,0,13,2,0,0
https://github.com/square/javapoet/commit/5a37c2aa596377cb4c9b6f916614407fd0a7d3db,src.test.java.com.squareup.javapoet.TypesTest,0,1,100,100,0,0,23,22,0,0,2,2,1,98,3,2,0,20,2,2,0,98,2,1,0,21,2,2,1,98,3,2,1,20,2,2,2,98,3,2,1,20,0,0,0,100,2,1,2,21
https://github.com/structr/structr/commit/6c59050b8b03adf6d8043f3fb7add0496f447edf,structr-rest.src.main.java.org.structr.rest.resource.SchemaTypeResource,71,15,139,68,0,0,17,2,0,0,139,68,0,0,17,2,0,0,139,68,0,0,17,2,0,0,135,64,0,4,17,2,0,0,136,65,0,3,16,1,1,1,136,65,0,3,17,2,0,0
https://github.com/wicketstuff/core/commit/8ea46f48063c38473c12ca7c114106ca910b6e74,jdk-1.7-parent.wicket-foundation.wicket-foundation-core.src.test.java.org.wicketstuff.foundation.tab.FoundationTabTest,4,4,29,25,0,0,12,8,0,0,29,25,0,0,12,8,0,0,29,25,0,0,12,8,0,0,29,25,0,0,12,8,0,0,27,23,2,2,11,7,1,1,29,25,0,0,12,8,0,0
https://github.com/wicketstuff/core/commit/8ea46f48063c38473c12ca7c114106ca910b6e74,jdk-1.7-parent.wicket-foundation.wicket-foundation-samples.src.main.java.org.wicketstuff.foundation.TabPage,18,5,18,0,0,0,6,1,0,0,18,0,0,0,6,1,0,0,18,0,0,0,6,1,0,0,18,0,0,0,6,1,0,0,18,0,0,0,5,0,1,1,18,0,0,0,6,1,0,0
https://github.com/wildfly/wildfly/commit/37d842bfed9779e662321a5ee43c36b058386843,testsuite.integration.manualmode.src.test.java.org.jboss.as.test.manualmode.ws.ReloadWSDLPublisherTestCase,37,10,52,15,0,1,12,2,0,0,53,16,0,0,12,2,0,0,52,15,1,1,12,2,0,0,53,16,0,0,12,2,0,0,53,16,0,0,12,2,0,0,53,16,0,0,12,2,0,0
https://github.com/wildfly/wildfly/commit/37d842bfed9779e662321a5ee43c36b058386843,testsuite.shared.src.main.java.org.jboss.as.test.shared.ServerReload,40,3,43,3,0,0,5,2,0,0,42,2,1,1,4,1,1,1,42,2,1,1,4,1,1,1,42,2,0,1,5,2,0,0,42,2,1,1,4,1,1,1,42,2,1,1,4,1,1,1
https://github.com/wildfly/wildfly/commit/d7675fb0b19d3d22978e79954f441eeefd74a3b2,ejb3.src.main.java.org.jboss.as.ejb3.deployment.processors.merging.MethodPermissionsMergingProcessor,34,3,93,59,0,0,5,2,0,0,84,50,2,9,4,1,1,1,89,55,2,4,4,1,1,1,89,55,2,4,5,2,0,0,84,50,3,9,4,1,1,1,84,50,2,9,4,1,1,1
https://github.com/wordpress-mobile/WordPress-Android/commit/2252ed3754bff8c39db48d172ac76ac5a4e15359,WordPress.src.main.java.org.wordpress.android.ui.reader.ReaderPostListFragment,710,113,776,66,0,0,116,3,0,0,775,65,1,1,116,3,0,0,774,64,1,2,116,3,0,0,776,66,0,0,116,3,0,0,771,61,0,5,116,3,0,0,775,65,1,1,116,3,0,0
https://github.com/wordpress-mobile/WordPress-Android/commit/3b95d10985776fb7b710089ff71074fd2bf860ee,WordPress.src.main.java.org.wordpress.android.ui.main.SitePickerAdapter,204,68,235,31,0,0,73,5,0,0,235,31,2,0,73,5,0,0,234,30,0,1,73,5,0,0,226,22,5,9,73,5,0,0,226,22,5,9,72,4,1,1,226,22,5,9,73,5,0,0
https://github.com/wordpress-mobile/WordPress-Android/commit/f8d5cf01f123a1d0a65857aa2db0571fe9cd1911,WordPress.src.main.java.org.wordpress.android.models.Blog,272,99,288,16,0,0,103,4,0,0,287,15,1,1,102,3,1,1,287,15,1,1,102,3,1,1,279,7,4,9,103,4,0,0,287,15,1,1,102,3,1,1,287,15,1,1,102,3,1,1
https://github.com/xetorthio/jedis/commit/d4b4aecbc69bbd04ba87c4e32a52cff3d129906a,src.main.java.redis.clients.util.Pool,60,14,75,15,0,0,18,4,0,0,67,7,7,8,17,3,1,1,65,5,10,10,17,3,1,1,75,15,0,0,18,4,0,0,75,15,0,0,17,3,1,1,67,7,5,8,16,2,1,2
https://github.com/zeromq/jeromq/commit/02d3fa171d02c9d82c7bdcaeb739f47d0c0006a0,src.main.java.zmq.Signaler,48,6,71,23,2,2,12,6,0,0,72,24,1,1,11,5,0,1,72,24,1,1,12,6,0,0,72,24,1,1,12,6,0,0,72,24,2,1,11,5,1,1,72,24,1,1,11,5,0,1
https://github.com/zeromq/jeromq/commit/02d3fa171d02c9d82c7bdcaeb739f47d0c0006a0,src.main.java.zmq.SocketBase,691,79,694,3,0,0,81,2,0,0,693,2,0,1,80,1,0,1,694,3,0,0,81,2,0,0,694,3,0,0,81,2,0,0,694,3,0,0,81,2,0,0,694,3,0,0,81,2,0,0
